"","player","year","qbr_pct","mean_epa","grades_offense","dropbacks","qbr_pct_tot","mean_epa_tot","grade_avg","plays_tot"
"1","Tom Brady",2007,0.9879808032416,0.380739696959703,93.9,733,0.978920646973251,0.20390075749234,86.55625,12503
"2","Aaron Rodgers",2011,0.985530724274918,0.373845312248051,92.7,637,0.979421840847449,0.206469976661852,86.52,10172
"3","Aaron Rodgers",2020,0.982887419170448,0.33041123875111,95.1,660,0.979421840847449,0.206469976661852,86.52,10172
"4","Matt Ryan",2016,0.979442997864388,0.340678217565583,92.2,698,0.90969677727642,0.122401377083703,80.08,10221
"5","Patrick Mahomes",2018,0.976712936068132,0.319151760195335,92.9,722,0.991914457321846,0.253419966228674,89.5166666666667,5109
"6","Aaron Rodgers",2014,0.975909282436455,0.311036490537606,93.3,650,0.979421840847449,0.206469976661852,86.52,10172
"7","Tom Brady",2016,0.975696234703075,0.293146660572646,94.9,614,0.978920646973251,0.20390075749234,86.55625,12503
"8","Drew Brees",2018,0.975428286075014,0.301373457474288,94,592,0.972591129618359,0.184613509396664,86.0866666666667,10373
"9","Drew Brees",2011,0.975386600492203,0.309615230727698,93.2,806,0.972591129618359,0.184613509396664,86.0866666666667,10373
"10","Peyton Manning",2013,0.971867425549052,0.297167999829019,92.9,806,0.980790148603706,0.213948006350295,86.4,6258
"11","Philip Rivers",2009,0.970955071971059,0.31448223902422,90.9,565,0.92724274767162,0.157424319585473,79.1866666666667,9774
"12","Josh McCown",2013,0.970562042815162,0.360345875210127,86.4,243,0.456939931479873,0.00209057834929207,61.9166666666667,2203
"13","Patrick Mahomes",2019,0.970281546165643,0.321247017047492,90,659,0.991914457321846,0.253419966228674,89.5166666666667,5109
"14","Ryan Tannehill",2020,0.968272240354437,0.307075627832806,90.6,556,0.783406927889891,0.0609460210745721,74.5363636363636,5927
"15","Tom Brady",2017,0.966998848157536,0.265400634473573,94.1,767,0.978920646973251,0.20390075749234,86.55625,12503
"16","Patrick Mahomes",2022,0.966587616270389,0.286044374201335,92,835,0.991914457321846,0.253419966228674,89.5166666666667,5109
"17","Peyton Manning",2007,0.965277636494479,0.256036889826944,94.4,585,0.980790148603706,0.213948006350295,86.4,6258
"18","Jimmy Garoppolo",2017,0.964321880219264,0.334969361728779,86.6,190,0.877852508238257,0.158602722551156,73.1666666666667,2414
"19","Tom Brady",2011,0.96381382110399,0.308968534655519,88.9,771,0.978920646973251,0.20390075749234,86.55625,12503
"20","Patrick Mahomes",2020,0.960594974232116,0.267783555105729,91.8,779,0.991914457321846,0.253419966228674,89.5166666666667,5109
"21","Tom Brady",2020,0.958242012704366,0.244653074741282,93.3,780,0.978920646973251,0.20390075749234,86.55625,12503
"22","Brock Purdy",2023,0.957399003575386,0.308561470393221,87,577,0.98582090928348,0.284024135433189,82.35,927
"23","Peyton Manning",2012,0.956860612997657,0.263719119349058,91.1,655,0.980790148603706,0.213948006350295,86.4,6258
"24","Peyton Manning",2009,0.9565444177228,0.290209420700094,88.5,715,0.980790148603706,0.213948006350295,86.4,6258
"25","Lamar Jackson",2019,0.956209571923205,0.272353243387942,90.1,537,0.904444296982111,0.13194818392784,78.55,3530
"26","Drew Brees",2009,0.955555875585489,0.295768331154417,87.7,643,0.972591129618359,0.184613509396664,86.0866666666667,10373
"27","Tom Brady",2012,0.955535335939471,0.269341533520239,90.2,765,0.978920646973251,0.20390075749234,86.55625,12503
"28","Aaron Rodgers",2016,0.955493039878796,0.256563149465866,91.4,831,0.979421840847449,0.206469976661852,86.52,10172
"29","Peyton Manning",2006,0.951437677086234,0.232622871319681,92.6,738,0.980790148603706,0.213948006350295,86.4,6258
"30","Aaron Rodgers",2010,0.945829042860941,0.231908893730934,91.3,695,0.979421840847449,0.206469976661852,86.52,10172
"31","Philip Rivers",2013,0.945251780369458,0.26318828406687,88.2,641,0.92724274767162,0.157424319585473,79.1866666666667,9774
"32","Russell Wilson",2012,0.944485680129109,0.236013888430841,90.6,553,0.922127540654702,0.121056387871782,81.8416666666667,7996
"33","Philip Rivers",2010,0.943814679561031,0.223852985342239,91.6,591,0.92724274767162,0.157424319585473,79.1866666666667,9774
"34","Aaron Rodgers",2013,0.942424473293222,0.281729698249041,85.8,360,0.979421840847449,0.206469976661852,86.52,10172
"35","Josh Allen",2020,0.942297697319971,0.23397069750421,90.3,767,0.946423853288916,0.156640114019134,82.4166666666667,4612
"36","Brett Favre",2009,0.939148679320446,0.223577980915912,90.6,641,0.704416355779647,0.0705248924712061,68.64,3003
"37","Peyton Manning",2008,0.937898311954819,0.225007656596945,90.2,616,0.980790148603706,0.213948006350295,86.4,6258
"38","Aaron Rodgers",2021,0.9354226483761,0.228049637192908,89.4,612,0.979421840847449,0.206469976661852,86.52,10172
"39","Tony Romo",2014,0.934191512610082,0.286598761778011,83.6,535,0.9019842635939,0.142482734941751,77.2777777777778,5164
"40","Deshaun Watson",2020,0.933945968259868,0.192211643118757,92.5,656,0.857907969953974,0.124294410157809,74.4666666666667,2949
"41","Josh Allen",2021,0.933093744027296,0.207298106677607,90.9,793,0.946423853288916,0.156640114019134,82.4166666666667,4612
"42","Dak Prescott",2023,0.93285556247882,0.216293647029493,90,731,0.925453073832294,0.145626442334069,80.025,5056
"43","Aaron Rodgers",2012,0.929934001254486,0.220855210335978,89,720,0.979421840847449,0.206469976661852,86.52,10172
"44","Josh Allen",2023,0.928218826497093,0.184734567662406,92.1,732,0.946423853288916,0.156640114019134,82.4166666666667,4612
"45","Ben Roethlisberger",2015,0.927517574940827,0.200227589004403,90.5,567,0.886365529875877,0.120526478223328,77.5866666666667,9818
"46","Matt Ryan",2012,0.927420380464421,0.224294955359753,88.2,743,0.90969677727642,0.122401377083703,80.08,10221
"47","Carson Palmer",2015,0.92303478801948,0.236977524383481,86.2,656,0.758334163013797,0.0784400592694364,71.2272727272727,6249
"48","Ryan Tannehill",2019,0.922834334727822,0.194413824619877,90.2,405,0.783406927889891,0.0609460210745721,74.5363636363636,5927
"49","Tom Brady",2021,0.922678681327177,0.178302124378536,91.7,849,0.978920646973251,0.20390075749234,86.55625,12503
"50","Philip Rivers",2018,0.922364173523455,0.207246771959507,88.9,632,0.92724274767162,0.157424319585473,79.1866666666667,9774
"51","Tom Brady",2018,0.921732522578042,0.187088677935595,90.7,723,0.978920646973251,0.20390075749234,86.55625,12503
"52","Peyton Manning",2010,0.920893017920671,0.189758931456765,90.3,723,0.980790148603706,0.213948006350295,86.4,6258
"53","Drew Brees",2019,0.920680522146999,0.184095430049223,90.8,427,0.972591129618359,0.184613509396664,86.0866666666667,10373
"54","Josh Allen",2022,0.919927633870047,0.172172968502468,91.8,754,0.946423853288916,0.156640114019134,82.4166666666667,4612
"55","Tom Brady",2010,0.919879676999831,0.23325836839427,86,572,0.978920646973251,0.20390075749234,86.55625,12503
"56","Russell Wilson",2018,0.918562011757443,0.20028920467507,88.9,538,0.922127540654702,0.121056387871782,81.8416666666667,7996
"57","Carson Wentz",2017,0.915628714552068,0.237275298703429,84.9,502,0.74714103754091,0.0575081586856344,72.4571428571429,4097
"58","Tom Brady",2015,0.915068821999524,0.16457818011957,91.7,774,0.978920646973251,0.20390075749234,86.55625,12503
"59","Aaron Rodgers",2009,0.914606566152982,0.223892816166695,86,673,0.979421840847449,0.206469976661852,86.52,10172
"60","Justin Herbert",2021,0.91380093345974,0.180312422438228,90,740,0.927227190993511,0.112953702593831,83.325,2917
"61","Matthew Stafford",2021,0.912930416173536,0.219952198921461,86.1,793,0.82311958418657,0.085109677812881,75.2,9152
"62","Joe Burrow",2022,0.910838356510299,0.154180439051584,92,803,0.936107535935461,0.11825674708322,84.2,2601
"63","Dak Prescott",2016,0.91074439378443,0.24156292185908,83.7,555,0.925453073832294,0.145626442334069,80.025,5056
"64","Joe Burrow",2021,0.903436555173304,0.144224725178678,91.8,759,0.936107535935461,0.11825674708322,84.2,2601
"65","Andy Dalton",2015,0.903404377146969,0.264409746150064,80.4,433,0.697119575209362,0.0386297583160842,71.1833333333333,6646
"66","Eli Manning",2011,0.899242046469038,0.184094148061645,87.4,803,0.700463146908007,0.0488281281679768,70.4285714285714,8724
"67","Drew Brees",2017,0.898074861217101,0.162271122889014,89.3,638,0.972591129618359,0.184613509396664,86.0866666666667,10373
"68","Ben Roethlisberger",2017,0.896567088250702,0.189520443038519,86.5,654,0.886365529875877,0.120526478223328,77.5866666666667,9818
"69","Russell Wilson",2019,0.896490355163894,0.132451065454221,91.9,690,0.922127540654702,0.121056387871782,81.8416666666667,7996
"70","Nick Foles",2013,0.895391979933709,0.274243884247582,78.3,397,0.570969611735699,0.00145335771313934,67.8,2677
"71","Jalen Hurts",2022,0.895366594755587,0.169790541088833,88.2,637,0.870937920411379,0.109597704799428,77.05,2512
"72","Tom Brady",2014,0.894766338594278,0.198427783324221,85.4,753,0.978920646973251,0.20390075749234,86.55625,12503
"73","Ben Roethlisberger",2014,0.891450805723875,0.183005847900784,86.4,701,0.886365529875877,0.120526478223328,77.5866666666667,9818
"74","Tony Romo",2007,0.889157101602369,0.219774382573187,82.6,601,0.9019842635939,0.142482734941751,77.2777777777778,5164
"75","Robert Griffin",2012,0.888649679321097,0.231705170154771,81.4,488,0.562746445604085,0.0471065347368894,63.125,1766
"76","Matt Ryan",2018,0.888449983384621,0.200833908062646,84.3,668,0.90969677727642,0.122401377083703,80.08,10221
"77","Philip Rivers",2008,0.888330323333855,0.233359097272888,81.2,595,0.92724274767162,0.157424319585473,79.1866666666667,9774
"78","Tua Tagovailoa",2022,0.888325502552227,0.225969319191752,81.9,432,0.855110358784854,0.109159557576936,75.625,1963
"79","Andrew Luck",2018,0.883803506264906,0.121530450741247,91.2,757,0.848751499509516,0.102357603350751,75.7,4305
"80","David Garrard",2007,0.882850560773111,0.228848688883829,80.9,429,0.756261570586602,0.0558084854720962,73.2,2563
"81","Patrick Mahomes",2023,0.882501377477429,0.129226441214869,90.3,791,0.991914457321846,0.253419966228674,89.5166666666667,5109
"82","Matt Ryan",2017,0.882291764490112,0.150032621796405,88.3,644,0.90969677727642,0.122401377083703,80.08,10221
"83","Drew Brees",2013,0.882115060519415,0.193033004780123,84.2,776,0.972591129618359,0.184613509396664,86.0866666666667,10373
"84","Andrew Luck",2016,0.881849630214616,0.127277927668863,90.4,628,0.848751499509516,0.102357603350751,75.7,4305
"85","Drew Brees",2008,0.881795378539799,0.216853301303846,81.9,653,0.972591129618359,0.184613509396664,86.0866666666667,10373
"86","Russell Wilson",2020,0.881266114773511,0.125425941566353,90.5,696,0.922127540654702,0.121056387871782,81.8416666666667,7996
"87","Baker Mayfield",2020,0.88049064801686,0.174996322897011,85.7,612,0.745654809438309,0.0558571752733447,72.5166666666667,3600
"88","Russell Wilson",2015,0.87569788596439,0.210766913380306,81.7,672,0.922127540654702,0.121056387871782,81.8416666666667,7996
"89","Matthew Stafford",2019,0.875201290573952,0.200619646622815,82.6,320,0.82311958418657,0.085109677812881,75.2,9152
"90","Drew Brees",2014,0.873439929581172,0.129755586922093,89.1,702,0.972591129618359,0.184613509396664,86.0866666666667,10373
"91","Patrick Mahomes",2021,0.872505588404636,0.223463226139868,80.1,880,0.991914457321846,0.253419966228674,89.5166666666667,5109
"92","Drew Brees",2015,0.871143630857961,0.151037505241091,86.8,661,0.972591129618359,0.184613509396664,86.0866666666667,10373
"93","Aaron Rodgers",2018,0.870163890654566,0.126575443433385,89,681,0.979421840847449,0.206469976661852,86.52,10172
"94","Lamar Jackson",2023,0.869639181246685,0.111138254905037,90.4,633,0.904444296982111,0.13194818392784,78.55,3530
"95","Matthew Stafford",2023,0.865160171955792,0.12868529241341,88.2,605,0.82311958418657,0.085109677812881,75.2,9152
"96","Drew Brees",2010,0.862688330780001,0.137220510208038,87.1,747,0.972591129618359,0.184613509396664,86.0866666666667,10373
"97","Jordan Love",2023,0.861056584253816,0.172131372578586,83.6,689,0.948220437418296,0.147573589082293,83.6,838
"98","Kirk Cousins",2021,0.860727064031314,0.123212426546193,88.2,611,0.835772233738767,0.0918870515277808,75.5818181818182,6184
"99","Kirk Cousins",2020,0.859847061547935,0.172765873265386,83.4,572,0.835772233738767,0.0918870515277808,75.5818181818182,6184
"100","Philip Rivers",2017,0.859790142690995,0.204337720936582,80.4,596,0.92724274767162,0.157424319585473,79.1866666666667,9774
"101","Matt Schaub",2009,0.858592400549481,0.169135634756293,83.6,626,0.835787300453251,0.0909378967451743,75.6714285714286,3706
"102","Ben Roethlisberger",2010,0.857722215938286,0.157539192054994,84.6,546,0.886365529875877,0.120526478223328,77.5866666666667,9818
"103","Drew Brees",2012,0.857300850054283,0.155977890647357,84.7,699,0.972591129618359,0.184613509396664,86.0866666666667,10373
"104","Ryan Fitzpatrick",2018,0.856866861611271,0.163894781964835,83.9,285,0.614895029806461,0.0412568921018732,66.3923076923077,5932
"105","Brock Purdy",2022,0.855467490397021,0.227614461468133,77.7,259,0.98582090928348,0.284024135433189,82.35,927
"106","Derek Carr",2016,0.855405395596953,0.147383226170901,85.3,593,0.762543386571187,0.0519369860631264,73.97,6376
"107","Ben Roethlisberger",2007,0.85433423861747,0.183025802858211,81.8,524,0.886365529875877,0.120526478223328,77.5866666666667,9818
"108","Jared Goff",2018,0.854186938505333,0.156483845815247,84.3,729,0.742783577243079,0.0744966099413695,70.6,5055
"109","Ryan Fitzpatrick",2020,0.853744215256032,0.252992842766231,75.1,299,0.614895029806461,0.0412568921018732,66.3923076923077,5932
"110","Colin Kaepernick",2012,0.851776780150252,0.211655129493883,78.8,354,0.623501105895533,0.0796066730396092,63.28,2541
"111","Ben Roethlisberger",2009,0.851125286931463,0.143392600378559,85.2,567,0.886365529875877,0.120526478223328,77.5866666666667,9818
"112","Dak Prescott",2019,0.850258882214385,0.196172925934862,80.1,639,0.925453073832294,0.145626442334069,80.025,5056
"113","Philip Rivers",2020,0.849941568722968,0.203187110104344,79.4,610,0.92724274767162,0.157424319585473,79.1866666666667,9774
"114","Drew Brees",2016,0.848955072687767,0.161965435006287,83.2,704,0.972591129618359,0.184613509396664,86.0866666666667,10373
"115","Kirk Cousins",2016,0.848418807976596,0.188768401288229,80.6,638,0.835772233738767,0.0918870515277808,75.5818181818182,6184
"116","Cam Newton",2015,0.847507266547517,0.144476344071909,84.7,657,0.764101213273699,0.0685868279293223,72.5222222222222,6416
"117","Dak Prescott",2020,0.845876295395253,0.137335715124098,85.2,240,0.925453073832294,0.145626442334069,80.025,5056
"118","Derek Carr",2020,0.845254320741862,0.141900635958009,84.7,566,0.762543386571187,0.0519369860631264,73.97,6376
"119","Russell Wilson",2013,0.845033810571097,0.15114218365901,83.8,583,0.922127540654702,0.121056387871782,81.8416666666667,7996
"120","Ben Roethlisberger",2012,0.844421400559356,0.132517059345138,85.5,491,0.886365529875877,0.120526478223328,77.5866666666667,9818
"121","Alex Smith",2017,0.844102461697729,0.168015565397165,82.1,615,0.64627265924861,0.0391445408628827,68.2769230769231,6446
"122","Matt Schaub",2010,0.843707835913119,0.142256315839066,84.5,611,0.835787300453251,0.0909378967451743,75.6714285714286,3706
"123","Kirk Cousins",2019,0.843383903951862,0.145054529849719,84.2,549,0.835772233738767,0.0918870515277808,75.5818181818182,6184
"124","Drew Brees",2006,0.842913853220877,0.155071493143383,83.2,672,0.972591129618359,0.184613509396664,86.0866666666667,10373
"125","Ben Roethlisberger",2018,0.842481024966578,0.207319407230752,78.2,713,0.886365529875877,0.120526478223328,77.5866666666667,9818
"126","Matt Schaub",2011,0.841577904816342,0.20314165165375,78.5,313,0.835787300453251,0.0909378967451743,75.6714285714286,3706
"127","Jared Goff",2023,0.839333777668009,0.124700661909877,85.7,761,0.742783577243079,0.0744966099413695,70.6,5055
"128","Mike Vick",2010,0.837649758289867,0.184010403205089,79.9,508,0.538197052673264,0.0311673890373471,63.35,2610
"129","Tua Tagovailoa",2023,0.83716994650538,0.109652822758783,86.9,655,0.855110358784854,0.109159557576936,75.625,1963
"130","Deshaun Watson",2019,0.835008372363352,0.151581898692926,82.7,691,0.857907969953974,0.124294410157809,74.4666666666667,2949
"131","Aaron Rodgers",2019,0.829454184584894,0.135039838319693,83.7,704,0.979421840847449,0.206469976661852,86.52,10172
"132","Matt Ryan",2010,0.829326019493821,0.135957693186286,83.6,650,0.90969677727642,0.122401377083703,80.08,10221
"133","Matthew Stafford",2020,0.829265331132248,0.152768139084279,82,583,0.82311958418657,0.085109677812881,75.2,9152
"134","Tony Romo",2010,0.826947181940274,0.0458893425163812,91.9,223,0.9019842635939,0.142482734941751,77.2777777777778,5164
"135","Jalen Hurts",2023,0.823653884687754,0.0972700821112443,86.7,661,0.870937920411379,0.109597704799428,77.05,2512
"136","Matthew Stafford",2016,0.823139678114286,0.152632148692338,81.4,696,0.82311958418657,0.085109677812881,75.2,9152
"137","Tony Romo",2006,0.819011514143633,0.183160540777587,78.1,407,0.9019842635939,0.142482734941751,77.2777777777778,5164
"138","Matt Ryan",2020,0.816326491268414,0.127676555196948,83.1,683,0.90969677727642,0.122401377083703,80.08,10221
"139","Kirk Cousins",2023,0.815450152695098,0.0951437523578439,86.1,331,0.835772233738767,0.0918870515277808,75.5818181818182,6184
"140","Ben Roethlisberger",2016,0.814653966838318,0.155508515012391,80.3,630,0.886365529875877,0.120526478223328,77.5866666666667,9818
"141","Justin Herbert",2020,0.813797811951515,0.158860950932448,79.9,653,0.927227190993511,0.112953702593831,83.325,2917
"142","Lamar Jackson",2022,0.810286992984577,0.0994346087286235,85.2,378,0.904444296982111,0.13194818392784,78.55,3530
"143","Case Keenum",2017,0.809081535249205,0.138311472138886,81.4,615,0.501568103397849,-0.0091748268480548,65.24,2716
"144","Lamar Jackson",2020,0.809078289115687,0.160456971206779,79.3,519,0.904444296982111,0.13194818392784,78.55,3530
"145","Eli Manning",2009,0.806155220334586,0.179710732889303,77.2,546,0.700463146908007,0.0488281281679768,70.4285714285714,8724
"146","Jameis Winston",2021,0.805955871973778,0.213264719256672,74,191,0.777370601898692,0.096089921565159,70.85,3518
"147","Philip Rivers",2011,0.805457995615175,0.165313036124937,78.5,621,0.92724274767162,0.157424319585473,79.1866666666667,9774
"148","Kyler Murray",2020,0.799560756055899,0.114212453787762,82.8,638,0.767053522704374,0.0591081828854831,73.6,2959
"149","Aaron Rodgers",2008,0.798960678689022,0.152657218192527,79.1,600,0.979421840847449,0.206469976661852,86.52,10172
"150","Jay Cutler",2008,0.798903233534709,0.151547125946695,79.2,652,0.58355064863247,0.0189304380850857,66.825,5853
"151","Josh Freeman",2010,0.798553831703004,0.160702735657226,78.3,544,0.40923783922029,-0.0110783424454977,60.68,2438
"152","C.J. Stroud",2023,0.797800724638302,0.10935252203692,83.1,618,0.923330573940574,0.10935252203692,83.1,661
"153","Joe Flacco",2014,0.794116281842933,0.178605214765255,76.2,659,0.65164265532654,0.0363762722029323,68.8285714285714,8115
"154","Matt Ryan",2014,0.792554826271383,0.0853650085284722,84.9,683,0.90969677727642,0.122401377083703,80.08,10221
"155","Tom Brady",2013,0.792517485471968,0.147557049760268,79,739,0.978920646973251,0.20390075749234,86.55625,12503
"156","Ryan Tannehill",2021,0.791803749039455,0.0973113069508779,83.7,625,0.783406927889891,0.0609460210745721,74.5363636363636,5927
"157","Dak Prescott",2021,0.790111261895172,0.109427753589655,82.4,703,0.925453073832294,0.145626442334069,80.025,5056
"158","Tom Brady",2009,0.787815575809934,0.181105867730704,75.4,632,0.978920646973251,0.20390075749234,86.55625,12503
"159","Jake Browning",2023,0.786933059592732,0.139149250707714,79.3,284,NA,NA,NA,NA
"160","Eli Manning",2012,0.785257920934229,0.143920241905989,78.7,564,0.700463146908007,0.0488281281679768,70.4285714285714,8724
"161","Jimmy Garoppolo",2019,0.784629182666163,0.158103406971849,77.3,589,0.877852508238257,0.158602722551156,73.1666666666667,2414
"162","Jacoby Brissett",2022,0.782301731675283,0.100055909674166,82.6,416,0.647463048266653,0.0199942243524859,70.125,2038
"163","Matt Ryan",2011,0.775673214412097,0.127759394487099,79.4,651,0.90969677727642,0.122401377083703,80.08,10221
"164","Drew Brees",2007,0.775203525738292,0.0724903337695661,84.6,675,0.972591129618359,0.184613509396664,86.0866666666667,10373
"165","Russell Wilson",2016,0.775107797086965,0.0808414698489682,83.8,701,0.922127540654702,0.121056387871782,81.8416666666667,7996
"166","Deshaun Watson",2018,0.774483697323044,0.110864549741582,80.9,685,0.857907969953974,0.124294410157809,74.4666666666667,2949
"167","Derek Carr",2019,0.772908387643439,0.119993730262867,79.9,556,0.762543386571187,0.0519369860631264,73.97,6376
"168","Andy Dalton",2018,0.772498020298505,0.0985312696973204,81.9,398,0.697119575209362,0.0386297583160842,71.1833333333333,6646
"169","Geno Smith",2023,0.769920163965875,0.0856783228412357,82.9,553,0.633645946129073,0.013282298898995,70,2638
"170","Ben Roethlisberger",2013,0.768825502555973,0.0783753018902177,83.5,639,0.886365529875877,0.120526478223328,77.5866666666667,9818
"171","Kyler Murray",2021,0.767911561052681,0.0838916027192706,82.9,582,0.767053522704374,0.0591081828854831,73.6,2959
"172","Matt Ryan",2015,0.767657209651154,0.104759992078142,80.9,657,0.90969677727642,0.122401377083703,80.08,10221
"173","Matt Ryan",2008,0.766560020191087,0.125936961019112,78.8,517,0.90969677727642,0.122401377083703,80.08,10221
"174","Brett Favre",2007,0.765779744253664,0.165326078924486,75,615,0.704416355779647,0.0705248924712061,68.64,3003
"175","Peyton Manning",2014,0.764577900738332,0.144227158646833,76.9,662,0.980790148603706,0.213948006350295,86.4,6258
"176","Justin Herbert",2023,0.76371347525024,0.052762572299016,85.5,520,0.927227190993511,0.112953702593831,83.325,2917
"177","Aaron Rodgers",2017,0.763372259213263,0.118909079622792,79.2,276,0.979421840847449,0.206469976661852,86.52,10172
"178","Jimmy Garoppolo",2022,0.759958267018229,0.198190343444788,71.4,328,0.877852508238257,0.158602722551156,73.1666666666667,2414
"179","Russell Wilson",2014,0.757647850086005,0.163487331679893,74.5,634,0.922127540654702,0.121056387871782,81.8416666666667,7996
"180","Tony Romo",2011,0.757599694631506,0.162390904064097,74.6,565,0.9019842635939,0.142482734941751,77.2777777777778,5164
"181","Carson Wentz",2018,0.756262402955063,0.110608274528623,79.4,448,0.74714103754091,0.0575081586856344,72.4571428571429,4097
"182","Philip Rivers",2014,0.753901329936325,0.125449133221675,77.8,627,0.92724274767162,0.157424319585473,79.1866666666667,9774
"183","Andrew Luck",2014,0.751842632713641,0.106808612400333,79.4,807,0.848751499509516,0.102357603350751,75.7,4305
"184","Jared Goff",2017,0.750155474727355,0.146501073574769,75.5,560,0.742783577243079,0.0744966099413695,70.6,5055
"185","Mike Vick",2011,0.749468022261136,0.10478209378206,79.4,498,0.538197052673264,0.0311673890373471,63.35,2610
"186","Mac Jones",2021,0.747654178043368,0.0969127812146125,80,609,0.503283543931034,-0.0224861439124433,66.5666666666667,1595
"187","Deshaun Watson",2017,0.745226201059859,0.220368459400679,68.1,241,0.857907969953974,0.124294410157809,74.4666666666667,2949
"188","Trevor Lawrence",2022,0.743438810136358,0.108119433764147,78.6,733,0.709287107753243,0.0307218990305446,72.6333333333333,2229
"189","Andrew Luck",2013,0.741835163158058,0.117320463544795,77.6,739,0.848751499509516,0.102357603350751,75.7,4305
"190","Baker Mayfield",2023,0.739968827045531,0.119978248033112,77.2,728,0.745654809438309,0.0558571752733447,72.5166666666667,3600
"191","Brian Hoyer",2016,0.739680605721352,0.0923154574837238,79.8,206,0.467401298810133,-0.035754972886429,65.975,1814
"192","Matthew Stafford",2011,0.738482451468829,0.130340874426318,76.1,755,0.82311958418657,0.085109677812881,75.2,9152
"193","Cam Newton",2012,0.736680671329651,0.167867642055824,72.4,555,0.764101213273699,0.0685868279293223,72.5222222222222,6416
"194","Chad Pennington",2008,0.735002973076228,0.145384233323486,74.4,552,0.615601622003876,0.0648474530977845,64.2333333333333,1577
"195","Eli Manning",2010,0.73452455092527,0.0743238572655795,81.1,565,0.700463146908007,0.0488281281679768,70.4285714285714,8724
"196","Jared Goff",2022,0.73338936345973,0.165146165220044,72.4,626,0.742783577243079,0.0744966099413695,70.6,5055
"197","Jeff Garcia",2007,0.733275838397517,0.0775123851989771,80.7,407,0.762355433134075,0.0740364721866426,71.9,1160
"198","Nick Foles",2018,0.732764828781031,0.120334225864098,76.6,278,0.570969611735699,0.00145335771313934,67.8,2677
"199","Nick Foles",2017,0.732535979264456,0.156005702414035,73.2,215,0.570969611735699,0.00145335771313934,67.8,2677
"200","Kurt Warner",2008,0.727653144179105,0.150950953068721,73.3,767,0.731006775180822,0.0862313014413596,68.775,2129
"201","Dak Prescott",2022,0.726510031274951,0.165840208029677,71.8,507,0.925453073832294,0.145626442334069,80.025,5056
"202","Matt Schaub",2012,0.726279374956722,0.151941414059643,73.1,665,0.835787300453251,0.0909378967451743,75.6714285714286,3706
"203","Baker Mayfield",2018,0.724731993786494,0.0441595457791805,83.2,531,0.745654809438309,0.0558571752733447,72.5166666666667,3600
"204","Jeff Garcia",2008,0.72443769615331,0.0850542189526711,79.3,425,0.762355433134075,0.0740364721866426,71.9,1160
"205","Tyrod Taylor",2015,0.723641214747072,0.108667017504359,77,468,0.715298460820839,0.0394327310163438,72.18,2438
"206","Teddy Bridgewater",2021,0.722400457566092,0.144578081033524,73.5,472,0.749928209348584,0.0699085120773123,71.48,2549
"207","Ben Roethlisberger",2011,0.719964381017954,0.121520178771363,75.5,613,0.886365529875877,0.120526478223328,77.5866666666667,9818
"208","Carson Palmer",2006,0.717175285349819,0.126664760109732,74.8,562,0.758334163013797,0.0784400592694364,71.2272727272727,6249
"209","Jimmy Garoppolo",2020,0.714324818551495,0.201381308141348,67.5,155,0.877852508238257,0.158602722551156,73.1666666666667,2414
"210","Carson Palmer",2014,0.713240687017602,0.152001999019345,72.1,238,0.758334163013797,0.0784400592694364,71.2272727272727,6249
"211","Matthew Stafford",2013,0.711756224137212,0.0664466546351323,80.1,668,0.82311958418657,0.085109677812881,75.2,9152
"212","Kirk Cousins",2022,0.71131837370394,0.0745369922410945,79.3,740,0.835772233738767,0.0918870515277808,75.5818181818182,6184
"213","Jay Cutler",2013,0.704813349356248,0.0409294206880385,82,387,0.58355064863247,0.0189304380850857,66.825,5853
"214","Kurt Warner",2007,0.703192524363705,0.0132916836214571,84.5,474,0.731006775180822,0.0862313014413596,68.775,2129
"215","Tony Romo",2013,0.702904790686312,0.0837315187786394,77.8,579,0.9019842635939,0.142482734941751,77.2777777777778,5164
"216","Russell Wilson",2017,0.702043755894192,0.0725113223102313,78.8,655,0.922127540654702,0.121056387871782,81.8416666666667,7996
"217","Joe Flacco",2009,0.701144973933559,0.0749736771775049,78.5,597,0.65164265532654,0.0363762722029323,68.8285714285714,8115
"218","Alex Smith",2016,0.699622517226992,0.0853888740464315,77.4,578,0.64627265924861,0.0391445408628827,68.2769230769231,6446
"219","Derek Carr",2021,0.699593384047194,0.0832567930756862,77.6,744,0.762543386571187,0.0519369860631264,73.97,6376
"220","Jimmy Garoppolo",2021,0.699557566598927,0.150729801432652,71.2,556,0.877852508238257,0.158602722551156,73.1666666666667,2414
"221","Tom Brady",2019,0.697944919318617,0.0672093669763672,79,680,0.978920646973251,0.20390075749234,86.55625,12503
"222","Philip Rivers",2007,0.695286882768607,0.0598759453216853,79.5,580,0.92724274767162,0.157424319585473,79.1866666666667,9774
"223","Tom Brady",2006,0.693537102359991,0.124970458044473,73.2,681,0.978920646973251,0.20390075749234,86.55625,12503
"224","Cam Newton",2013,0.691702113566899,0.12355661799833,73.2,587,0.764101213273699,0.0685868279293223,72.5222222222222,6416
"225","Matthew Stafford",2017,0.691613954353683,0.0665349108562842,78.6,628,0.82311958418657,0.085109677812881,75.2,9152
"226","Tony Romo",2012,0.690017891035985,0.114879277710689,73.9,693,0.9019842635939,0.142482734941751,77.2777777777778,5164
"227","Geno Smith",2022,0.685328175886541,0.054337054410853,79.3,693,0.633645946129073,0.013282298898995,70,2638
"228","Shaun Hill",2010,0.684578365071872,0.0411090561202678,80.5,448,0.623567794635523,0.0152580721254884,69.275,1420
"229","Daniel Jones",2022,0.683180350221375,0.0896158562910568,75.8,650,0.609836241853873,-0.00853129125544295,70.76,2613
"230","Joe Flacco",2012,0.682844966832979,0.115728394751434,73.3,705,0.65164265532654,0.0363762722029323,68.8285714285714,8115
"231","Jalen Hurts",2021,0.682239525219721,0.0751897063985561,77.1,556,0.870937920411379,0.109597704799428,77.05,2512
"232","Jameis Winston",2018,0.681780200438944,0.150779441779712,69.9,441,0.777370601898692,0.096089921565159,70.85,3518
"233","Tyrod Taylor",2016,0.679371536593012,0.0888360250529587,75.6,529,0.715298460820839,0.0394327310163438,72.18,2438
"234","Jay Cutler",2015,0.678574998269181,0.0935071281222541,75.1,527,0.58355064863247,0.0189304380850857,66.825,5853
"235","Kirk Cousins",2015,0.675316204398074,0.136401155087204,70.8,626,0.835772233738767,0.0918870515277808,75.5818181818182,6184
"236","Andy Dalton",2022,0.675267498120444,0.0171832367395679,82.1,415,0.697119575209362,0.0386297583160842,71.1833333333333,6646
"237","Joe Burrow",2020,0.675001251729341,0.0908119644222571,75.1,453,0.936107535935461,0.11825674708322,84.2,2601
"238","Philip Rivers",2006,0.674824116410185,0.119155632263192,72.4,537,0.92724274767162,0.157424319585473,79.1866666666667,9774
"239","Colin Kaepernick",2013,0.674150086387667,0.162946248608419,68.2,599,0.623501105895533,0.0796066730396092,63.28,2541
"240","Philip Rivers",2019,0.673069338222706,0.0977976798867795,74.3,633,0.92724274767162,0.157424319585473,79.1866666666667,9774
"241","Donovan McNabb",2008,0.672181169675361,0.10029546848109,74,747,0.703796023236246,0.0591070814468807,69.6666666666667,3038
"242","Alex Smith",2011,0.671980655704841,0.0516288779739948,78.6,594,0.64627265924861,0.0391445408628827,68.2769230769231,6446
"243","Drew Brees",2020,0.671606165678188,0.126232017373658,71.5,478,0.972591129618359,0.184613509396664,86.0866666666667,10373
"244","Aaron Rodgers",2015,0.67118491254515,0.0858378142396561,75.3,745,0.979421840847449,0.206469976661852,86.52,10172
"245","Vince Young",2009,0.670484960800453,0.11273609295871,72.7,298,0.542253202512581,0.0183585851063293,64.75,1712
"246","Trevor Lawrence",2023,0.670030208120951,0.0385668253561562,79.7,645,0.709287107753243,0.0307218990305446,72.6333333333333,2229
"247","Carson Palmer",2007,0.669677091216424,0.0931472831079823,74.5,596,0.758334163013797,0.0784400592694364,71.2272727272727,6249
"248","Sam Bradford",2016,0.666921552826674,0.0678874782924241,76.7,596,0.542576513861245,-0.0387442964479971,70.0833333333333,3411
"249","Vince Young",2010,0.666511786049272,0.167778890542035,67.2,182,0.542253202512581,0.0183585851063293,64.75,1712
"250","Ryan Tannehill",2014,0.660984086989745,0.0750808559125003,75.6,644,0.783406927889891,0.0609460210745721,74.5363636363636,5927
"251","Alex Smith",2012,0.660696155671265,0.155025148004361,68,256,0.64627265924861,0.0391445408628827,68.2769230769231,6446
"252","Justin Herbert",2022,0.660236056943125,0.0502694719614414,77.9,812,0.927227190993511,0.112953702593831,83.325,2917
"253","Joe Flacco",2010,0.657700970446457,0.097968907342241,73.2,618,0.65164265532654,0.0363762722029323,68.8285714285714,8115
"254","Matt Ryan",2013,0.657649398418563,0.0620710420365516,76.6,703,0.90969677727642,0.122401377083703,80.08,10221
"255","Kurt Warner",2009,0.657096297175278,0.0795933616006769,74.9,604,0.731006775180822,0.0862313014413596,68.775,2129
"256","Jason Campbell",2011,0.655815333285526,0.112400759178155,71.7,178,0.544262117638681,0.0147829968911961,65.1857142857143,2988
"257","Sage Rosenfels",2007,0.655050409978877,0.133986979207662,69.6,253,0.664147705739461,0.0833059444401891,65.15,500
"258","Dak Prescott",2018,0.655027077291285,0.0791253562949918,74.8,680,0.925453073832294,0.145626442334069,80.025,5056
"259","Matt Ryan",2019,0.654384738973823,0.065996949046092,76,686,0.90969677727642,0.122401377083703,80.08,10221
"260","Derek Carr",2023,0.654169783680385,0.0531826561616711,77.2,588,0.762543386571187,0.0519369860631264,73.97,6376
"261","Donovan McNabb",2006,0.652289962455403,0.117195033615977,71,358,0.703796023236246,0.0591070814468807,69.6666666666667,3038
"262","Alex Smith",2014,0.651934293018825,0.0968950848855387,72.9,546,0.64627265924861,0.0391445408628827,68.2769230769231,6446
"263","Tom Brady",2022,0.650080639311239,0.0470221047517378,77.5,829,0.978920646973251,0.20390075749234,86.55625,12503
"264","Matthew Stafford",2018,0.646135983127774,0.0409794984799469,77.8,608,0.82311958418657,0.085109677812881,75.2,9152
"265","Ryan Tannehill",2013,0.645568379589175,0.0131440198063415,80.4,661,0.783406927889891,0.0609460210745721,74.5363636363636,5927
"266","Ryan Fitzpatrick",2014,0.643285822158714,0.073711952875055,74.5,365,0.614895029806461,0.0412568921018732,66.3923076923077,5932
"267","Jameis Winston",2017,0.642389906017407,0.0814992440570085,73.7,500,0.777370601898692,0.096089921565159,70.85,3518
"268","David Garrard",2010,0.641015818757495,0.0657371185810921,75.1,421,0.756261570586602,0.0558084854720962,73.2,2563
"269","Carson Wentz",2019,0.640401092299398,0.0505260100457287,76.5,679,0.74714103754091,0.0575081586856344,72.4571428571429,4097
"270","Tony Romo",2009,0.639764753960925,0.146043168736799,67.4,676,0.9019842635939,0.142482734941751,77.2777777777778,5164
"271","Marcus Mariota",2018,0.637409762660685,0.0451988046571752,76.8,409,0.696003342712848,0.063351846841552,68.8166666666667,2862
"272","Teddy Bridgewater",2019,0.635893148057493,0.0799642763797303,73.4,220,0.749928209348584,0.0699085120773123,71.48,2549
"273","Ryan Fitzpatrick",2019,0.635123836279914,0.0467139932320154,76.5,580,0.614895029806461,0.0412568921018732,66.3923076923077,5932
"274","Jameis Winston",2016,0.634711862695462,0.0938787553013787,72,632,0.777370601898692,0.096089921565159,70.85,3518
"275","Mitchell Trubisky",2018,0.634116832464846,0.182045188423966,63.6,544,0.598443756671314,0.0266951269977085,66.88,2403
"276","Ryan Tannehill",2022,0.633982555498791,0.0627672711908199,74.9,374,0.783406927889891,0.0609460210745721,74.5363636363636,5927
"277","Blake Bortles",2017,0.632654845966268,0.119820711260488,69.4,671,0.419521242128214,-0.00296425541256378,60.46,3348
"278","Joe Flacco",2018,0.629545548910285,0.0901661263440963,72,400,0.65164265532654,0.0363762722029323,68.8285714285714,8115
"279","Andy Dalton",2016,0.628742773475861,0.104356578506663,70.6,627,0.697119575209362,0.0386297583160842,71.1833333333333,6646
"280","Matt Schaub",2008,0.627805971041892,0.0984121514355408,71.1,416,0.835787300453251,0.0909378967451743,75.6714285714286,3706
"281","Trent Edwards",2008,0.627701913841423,0.0329461754574263,77.3,416,0.419136976286666,-0.0762828525767455,67.2666666666667,1102
"282","David Garrard",2008,0.627459303437904,0.0433195403306199,76.3,616,0.756261570586602,0.0558084854720962,73.2,2563
"283","Joe Burrow",2023,0.626626005559812,0.0258481584904175,77.9,403,0.936107535935461,0.11825674708322,84.2,2601
"284","Marcus Mariota",2017,0.622894118622432,0.0411133534782583,76.2,588,0.696003342712848,0.063351846841552,68.8166666666667,2862
"285","Brandon Weeden",2015,0.621123855349988,0.129501807217159,67.7,159,0.356486453872577,-0.0357212333762888,60.1666666666667,1124
"286","Jared Goff",2019,0.61678911086285,0.0768502729874186,72.4,662,0.742783577243079,0.0744966099413695,70.6,5055
"287","Tyrod Taylor",2017,0.616287487154427,0.0205952898687574,77.7,552,0.715298460820839,0.0394327310163438,72.18,2438
"288","Ryan Fitzpatrick",2013,0.616099661188039,0.121713430129057,68.1,399,0.614895029806461,0.0412568921018732,66.3923076923077,5932
"289","Aaron Rodgers",2022,0.61294860693675,0.0203398573836408,77.5,588,0.979421840847449,0.206469976661852,86.52,10172
"290","Shaun Hill",2008,0.61246789293962,0.102266580733487,69.7,325,0.623567794635523,0.0152580721254884,69.275,1420
"291","Mitchell Trubisky",2022,0.6108936702913,0.0283796682074343,76.6,195,0.598443756671314,0.0266951269977085,66.88,2403
"292","Jay Cutler",2007,0.610666872132895,0.0904468759420919,70.7,507,0.58355064863247,0.0189304380850857,66.825,5853
"293","Cody Kessler",2016,0.608566978708075,0.107949729108057,68.9,221,0.37860807115307,-0.0458335074423299,62.3,449
"294","Philip Rivers",2016,0.607693720806903,0.0883495570297944,70.7,622,0.92724274767162,0.157424319585473,79.1866666666667,9774
"295","Russell Wilson",2021,0.606191849273484,0.0535413564690385,73.9,460,0.922127540654702,0.121056387871782,81.8416666666667,7996
"296","Jake Locker",2013,0.605473304380898,0.0920596364389297,70.2,213,0.487514955203173,0.00720423744885563,63,888
"297","Marc Bulger",2006,0.605201233881481,0.0876494291235666,70.6,642,0.332879061084705,-0.0661625383800255,61.7,1902
"298","Cam Newton",2011,0.603787824849591,0.121460818765672,67.3,600,0.764101213273699,0.0685868279293223,72.5222222222222,6416
"299","Ben Roethlisberger",2020,0.603724233311353,0.103486207248095,69,694,0.886365529875877,0.120526478223328,77.5866666666667,9818
"300","Cam Newton",2018,0.601371948198096,0.0817951980559477,70.9,531,0.764101213273699,0.0685868279293223,72.5222222222222,6416
"301","Kenny Pickett",2022,0.599245601175605,0.0317881218831266,75.5,444,0.643064180224915,-0.0139965213283545,73.05,891
"302","Teddy Bridgewater",2014,0.598201814222524,0.0300023634654693,75.6,474,0.749928209348584,0.0699085120773123,71.48,2549
"303","Donovan McNabb",2009,0.598032202799339,0.0773451781434902,71.1,537,0.703796023236246,0.0591070814468807,69.6666666666667,3038
"304","Russell Wilson",2023,0.596990279919882,0.00911510638082614,77.5,530,0.922127540654702,0.121056387871782,81.8416666666667,7996
"305","Matt Cassel",2008,0.596412647345841,0.16691626906854,62.5,602,0.375046265473229,-0.0333018074359025,60.9428571428571,3225
"306","Matt Hasselbeck",2007,0.596393578239293,0.0751439128115646,71.2,681,0.537649248560967,-0.00967712006406924,67.125,3805
"307","Matt Cassel",2010,0.594976803682987,0.1079039787212,68,519,0.375046265473229,-0.0333018074359025,60.9428571428571,3225
"308","Andy Dalton",2013,0.59354139036404,0.0794792222607434,70.6,697,0.697119575209362,0.0386297583160842,71.1833333333333,6646
"309","Damon Huard",2006,0.59287483581215,0.0832327924395307,70.2,262,0.49775376000223,-0.0527154977747972,69.1,760
"310","Jake Delhomme",2008,0.592363266545066,0.0132655684051738,76.8,475,0.364571848691521,-0.0450647360036354,61.475,1627
"311","Todd Collins",2007,0.592070016553562,0.0594678720132609,72.4,167,NA,NA,NA,NA
"312","Alex Smith",2013,0.590181840954356,0.0855738626741118,69.8,645,0.64627265924861,0.0391445408628827,68.2769230769231,6446
"313","Carson Palmer",2016,0.590128170044863,0.047567220443244,73.4,644,0.758334163013797,0.0784400592694364,71.2272727272727,6249
"314","Eli Manning",2014,0.589360469955321,0.0734000273851917,70.9,635,0.700463146908007,0.0488281281679768,70.4285714285714,8724
"315","Carson Wentz",2021,0.588873541773453,0.0730609900750241,70.9,575,0.74714103754091,0.0575081586856344,72.4571428571429,4097
"316","Cam Newton",2014,0.585726815547975,0.0160277953322376,76.1,593,0.764101213273699,0.0685868279293223,72.5222222222222,6416
"317","Marcus Mariota",2016,0.57927103233719,0.109636468996533,66.8,499,0.696003342712848,0.063351846841552,68.8166666666667,2862
"318","Sam Darnold",2022,0.578549419126533,0.157653071345842,62.2,162,0.329738946344064,-0.057524092565746,60.72,2215
"319","Kirk Cousins",2018,0.578035320395219,-0.0230567270028159,79.3,669,0.835772233738767,0.0918870515277808,75.5818181818182,6184
"320","Derek Carr",2015,0.577807323032172,0.0115906270546365,76,621,0.762543386571187,0.0519369860631264,73.97,6376
"321","Matthew Stafford",2012,0.57731313307809,0.0365615049801674,73.6,775,0.82311958418657,0.085109677812881,75.2,9152
"322","Alex Smith",2015,0.573540490921708,0.0803606140680275,69.2,656,0.64627265924861,0.0391445408628827,68.2769230769231,6446
"323","Seneca Wallace",2008,0.573386929530838,0.049668228400164,72.1,265,0.364162215161408,-0.0418118704637388,61.15,890
"324","Jameis Winston",2019,0.572685725028648,0.0882080429168127,68.4,705,0.777370601898692,0.096089921565159,70.85,3518
"325","Carson Palmer",2010,0.570156189862579,0.048493617259471,72,621,0.758334163013797,0.0784400592694364,71.2272727272727,6249
"326","Lamar Jackson",2021,0.569958239191705,0.0673417568635244,70.2,470,0.904444296982111,0.13194818392784,78.55,3530
"327","Jameis Winston",2015,0.569855585186259,0.0999667254359109,67.1,597,0.777370601898692,0.096089921565159,70.85,3518
"328","Baker Mayfield",2019,0.568954072188937,0.0181333148104226,74.8,592,0.745654809438309,0.0558571752733447,72.5166666666667,3600
"329","Matt Ryan",2009,0.568743579080529,0.10658317581715,66.4,482,0.90969677727642,0.122401377083703,80.08,10221
"330","Nick Mullens",2018,0.568562800197948,0.125443233026345,64.6,292,0.53770650313489,0.0872836812135016,58.1,919
"331","Taysom Hill",2021,0.566289845078768,0.0141889198738444,75,160,0.77749596775947,0.09081154399507,71.35,758
"332","Colt McCoy",2010,0.565461001434565,0.013618479012537,75,261,0.42114874237445,-0.0373918752401357,63.75,1534
"333","Philip Rivers",2015,0.563015589906199,0.0657263705019119,69.9,711,0.92724274767162,0.157424319585473,79.1866666666667,9774
"334","Kerry Collins",2010,0.560985597135032,0.0843707902686271,68,292,0.465445018804251,-0.0259979486081873,64.9666666666667,1343
"335","Jason Campbell",2007,0.560919196786249,0.0326448144670033,72.9,460,0.544262117638681,0.0147829968911961,65.1857142857143,2988
"336","Teddy Bridgewater",2020,0.557297910573202,0.102933621440002,66,560,0.749928209348584,0.0699085120773123,71.48,2549
"337","Gardner Minshew",2020,0.557086878198986,0.0838042509405194,67.8,378,0.625712133355019,0.0434299685814317,66.7666666666667,1738
"338","Ryan Fitzpatrick",2015,0.554596057566787,0.125339398805312,63.7,615,0.614895029806461,0.0412568921018732,66.3923076923077,5932
"339","Andrew Luck",2012,0.550628362061833,0.0909812825010089,66.7,764,0.848751499509516,0.102357603350751,75.7,4305
"340","Jared Goff",2020,0.546033852384589,0.0393230124481636,71.3,651,0.742783577243079,0.0744966099413695,70.6,5055
"341","Matthew Stafford",2014,0.542492482828759,0.0674904434420668,68.4,711,0.82311958418657,0.085109677812881,75.2,9152
"342","Joe Flacco",2011,0.542423619362441,0.100139173020365,65.3,657,0.65164265532654,0.0363762722029323,68.8285714285714,8115
"343","Cam Newton",2017,0.541832842973086,0.0638760370461422,68.7,603,0.764101213273699,0.0685868279293223,72.5222222222222,6416
"344","Daniel Jones",2020,0.54019025583316,-0.0395509678913362,78.4,516,0.609836241853873,-0.00853129125544295,70.76,2613
"345","Sam Bradford",2015,0.539546385110993,-0.0136227091563805,75.9,570,0.542576513861245,-0.0387442964479971,70.0833333333333,3411
"346","Mark Sanchez",2010,0.539281496703288,0.0336581555741368,71.4,639,0.260523768697113,-0.0596824135685233,56.84,2901
"347","Tua Tagovailoa",2021,0.533829327927589,0.0626371449363676,68.3,428,0.855110358784854,0.109159557576936,75.625,1963
"348","Eli Manning",2015,0.533811797346542,0.0900474375974939,65.7,653,0.700463146908007,0.0488281281679768,70.4285714285714,8724
"349","Matt Ryan",2021,0.533024327317702,-0.00541213034749739,74.7,617,0.90969677727642,0.122401377083703,80.08,10221
"350","Ryan Tannehill",2016,0.532140947163457,-0.000740298599957983,74.2,435,0.783406927889891,0.0609460210745721,74.5363636363636,5927
"351","Jason Campbell",2008,0.531951446734447,0.009677659563417,73.2,572,0.544262117638681,0.0147829968911961,65.1857142857143,2988
"352","Donovan McNabb",2007,0.529629167713743,0.0829803052215837,66.1,546,0.703796023236246,0.0591070814468807,69.6666666666667,3038
"353","Teddy Bridgewater",2015,0.529223478591422,0.0531725199750883,68.9,547,0.749928209348584,0.0699085120773123,71.48,2549
"354","Dak Prescott",2017,0.528396964539045,0.0178048421106564,72.2,554,0.925453073832294,0.145626442334069,80.025,5056
"355","Jay Cutler",2012,0.527232240617336,0.0127934566294848,72.6,496,0.58355064863247,0.0189304380850857,66.825,5853
"356","Matt Schaub",2007,0.526811855103745,-0.0687045775652931,80.3,313,0.835787300453251,0.0909378967451743,75.6714285714286,3706
"357","Matt Barkley",2016,0.526373050583053,0.00799008503426098,73,223,0.617681810258945,-0.0281198050044099,73,405
"358","Kyle Orton",2010,0.524642516705177,0.0595480034662606,68,545,0.495179932904972,0.0169777353757453,62.48,2657
"359","Derek Carr",2018,0.523328742388804,0.00381008311170707,73.2,612,0.762543386571187,0.0519369860631264,73.97,6376
"360","Ryan Fitzpatrick",2017,0.522800832003195,0.0593502934820412,67.9,180,0.614895029806461,0.0412568921018732,66.3923076923077,5932
"361","Matt Hasselbeck",2010,0.517483907419614,-0.00965512792008103,74.1,566,0.537649248560967,-0.00967712006406924,67.125,3805
"362","Kyler Murray",2023,0.510645301452444,0.0183954024199903,71,304,0.767053522704374,0.0591081828854831,73.6,2959
"363","Kirk Cousins",2017,0.509137585911538,0.0279186145224696,70,606,0.835772233738767,0.0918870515277808,75.5818181818182,6184
"364","Derek Carr",2022,0.50741361832626,0.0626079234169517,66.6,544,0.762543386571187,0.0519369860631264,73.97,6376
"365","Jacoby Brissett",2021,0.504814648835483,-0.0414625861035311,76.3,259,0.647463048266653,0.0199942243524859,70.125,2038
"366","Chad Henne",2009,0.504149658439084,0.0234774539062833,70.1,484,0.397093593478167,-0.0379998035116691,62.55,2376
"367","Daniel Jones",2021,0.503522646040185,0.0125047839309652,71.1,407,0.609836241853873,-0.00853129125544295,70.76,2613
"368","Carson Palmer",2011,0.502236693031014,0.0622574803764524,66.3,350,0.758334163013797,0.0784400592694364,71.2272727272727,6249
"369","Taysom Hill",2020,0.501858303575355,0.0472347945520952,67.7,155,0.77749596775947,0.09081154399507,71.35,758
"370","Justin Fields",2023,0.500916663663588,-0.0261788206563743,74.6,456,0.526156657096744,-0.04327397450897,69.6666666666667,1498
"371","Cam Newton",2020,0.500851177540762,0.0128006762583793,70.9,420,0.764101213273699,0.0685868279293223,72.5222222222222,6416
"372","Carson Wentz",2016,0.500273009107016,0.0229552100971533,69.9,662,0.74714103754091,0.0575081586856344,72.4571428571429,4097
"373","Tyrod Taylor",2023,0.498362817512246,0.00583798598206559,71.4,224,0.715298460820839,0.0394327310163438,72.18,2438
"374","Troy Smith",2010,0.498168817591195,0.0078156940376132,71.2,178,NA,NA,NA,NA
"375","Alex Smith",2018,0.496430922898715,0.0171829404003604,70.2,374,0.64627265924861,0.0391445408628827,68.2769230769231,6446
"376","Jason Campbell",2010,0.496033528706859,0.0496089070849125,67.1,387,0.544262117638681,0.0147829968911961,65.1857142857143,2988
"377","Josh McCown",2017,0.494624487704187,0.040214727052581,67.9,455,0.456939931479873,0.00209057834929207,61.9166666666667,2203
"378","Eli Manning",2008,0.490949899917481,0.0756891303776927,64.3,539,0.700463146908007,0.0488281281679768,70.4285714285714,8724
"379","Kerry Collins",2008,0.489634703216637,0.0537020395732448,66.3,472,0.465445018804251,-0.0259979486081873,64.9666666666667,1343
"380","Mitchell Trubisky",2020,0.488410721123757,0.0824024843665652,63.5,367,0.598443756671314,0.0266951269977085,66.88,2403
"381","Sam Bradford",2013,0.48592508798782,-0.0152635462323266,72.6,284,0.542576513861245,-0.0387442964479971,70.0833333333333,3411
"382","Sam Bradford",2012,0.485843913042419,0.00788474545907164,70.4,605,0.542576513861245,-0.0387442964479971,70.0833333333333,3411
"383","Gardner Minshew",2019,0.485705487396213,0.0067360164582488,70.5,556,0.625712133355019,0.0434299685814317,66.7666666666667,1738
"384","Tarvaris Jackson",2008,0.48425443995458,0.0542665625306518,65.9,215,0.485507050240401,-0.0114355268145748,64.6333333333333,1365
"385","Matt Hasselbeck",2011,0.484192445974754,0.0183645990715437,69.3,544,0.537649248560967,-0.00967712006406924,67.125,3805
"386","Andy Dalton",2020,0.483136391692425,0.0113189049573667,69.9,376,0.697119575209362,0.0386297583160842,71.1833333333333,6646
"387","Carson Palmer",2009,0.48206429959409,0.0591067043283846,65.3,549,0.758334163013797,0.0784400592694364,71.2272727272727,6249
"388","Carson Palmer",2013,0.480461967683167,0.0305955513772541,67.9,618,0.758334163013797,0.0784400592694364,71.2272727272727,6249
"389","Kyle Orton",2009,0.476936401050976,0.0651134053684124,64.4,581,0.495179932904972,0.0169777353757453,62.48,2657
"390","Bruce Gradkowski",2009,0.474921794539938,0.00151594720286017,70.3,172,0.132574775786372,-0.179793473606825,58.4333333333333,864
"391","Carson Palmer",2012,0.474134836289825,0.0494969063318057,65.7,595,0.758334163013797,0.0784400592694364,71.2272727272727,6249
"392","Marcus Mariota",2022,0.47363924417504,0.0428315514566181,66.3,354,0.696003342712848,0.063351846841552,68.8166666666667,2862
"393","Matt Moore",2011,0.473063060415737,-0.0145143304136529,71.7,394,0.404278982219374,-0.0135417604631143,60.65,1287
"394","Derek Carr",2017,0.472414292481472,0.0145758723853484,68.9,544,0.762543386571187,0.0519369860631264,73.97,6376
"395","Eli Manning",2007,0.471255585655729,-0.00625198802453757,70.8,696,0.700463146908007,0.0488281281679768,70.4285714285714,8724
"396","Eli Manning",2018,0.470786310161537,0.061984199266686,64.3,627,0.700463146908007,0.0488281281679768,70.4285714285714,8724
"397","Justin Fields",2022,0.469732744774919,-0.000960370768639497,70.2,444,0.526156657096744,-0.04327397450897,69.6666666666667,1498
"398","Derek Anderson",2007,0.467936216002269,0.0589890315091913,64.4,554,0.175248955241909,-0.0979010999628061,54.475,1891
"399","Matthew Stafford",2015,0.466425345103019,0.0442488002626423,65.7,662,0.82311958418657,0.085109677812881,75.2,9152
"400","Ben Roethlisberger",2008,0.464693276148967,0.00509936413816703,69.3,630,0.886365529875877,0.120526478223328,77.5866666666667,9818
"401","Kyler Murray",2022,0.464494329594638,0.0281672088153787,67.1,443,0.767053522704374,0.0591081828854831,73.6,2959
"402","Ryan Tannehill",2023,0.457452462061106,0.00648867220522733,68.7,271,0.783406927889891,0.0609460210745721,74.5363636363636,5927
"403","Jay Cutler",2011,0.44853719940251,0.0035583219453344,68.4,345,0.58355064863247,0.0189304380850857,66.825,5853
"404","Joe Flacco",2013,0.443731542149369,0.0108130219440299,67.4,677,0.65164265532654,0.0363762722029323,68.8285714285714,8115
"405","Matt Hasselbeck",2006,0.44217819483636,0.0160758566164163,66.8,490,0.537649248560967,-0.00967712006406924,67.125,3805
"406","Tony Romo",2008,0.440085427550061,0.0272959671984391,65.6,480,0.9019842635939,0.142482734941751,77.2777777777778,5164
"407","Josh Allen",2019,0.439977421190187,0.0430423302844801,64.1,595,0.946423853288916,0.156640114019134,82.4166666666667,4612
"408","Quinn Gray",2007,0.438618967859232,0.179220526086779,51.1,159,NA,NA,NA,NA
"409","David Garrard",2009,0.438437487752947,-0.00336749065730814,68.4,593,0.756261570586602,0.0558084854720962,73.2,2563
"410","Ryan Tannehill",2012,0.436946206792706,-0.00439234670133872,68.4,532,0.783406927889891,0.0609460210745721,74.5363636363636,5927
"411","Ryan Tannehill",2015,0.436786489166626,0.000771360896256431,67.9,637,0.783406927889891,0.0609460210745721,74.5363636363636,5927
"412","Drew Lock",2019,0.436533219654646,0.103957969412746,58.1,172,0.443465431166622,0.00666393586834632,60.8,940
"413","Ryan Fitzpatrick",2011,0.433075841904386,0.0245859439709639,65.4,618,0.614895029806461,0.0412568921018732,66.3923076923077,5932
"414","Jake Locker",2012,0.432362406305434,-0.0339139390228756,70.9,370,0.487514955203173,0.00720423744885563,63,888
"415","Blake Bortles",2015,0.43054730957563,0.0249533857340853,65.2,685,0.419521242128214,-0.00296425541256378,60.46,3348
"416","Jay Cutler",2010,0.429399000271952,0.0104505289612473,66.5,565,0.58355064863247,0.0189304380850857,66.825,5853
"417","Andy Dalton",2017,0.426964618424375,-0.0566207911042245,72.7,548,0.697119575209362,0.0386297583160842,71.1833333333333,6646
"418","Case Keenum",2018,0.426911505974226,-0.0281805249558301,70,633,0.501568103397849,-0.0091748268480548,65.24,2716
"419","Colin Kaepernick",2014,0.426760026917356,0.0297234582384767,64.5,577,0.623501105895533,0.0796066730396092,63.28,2541
"420","Robert Griffin",2013,0.426217025055136,0.0145826471333544,65.9,530,0.562746445604085,0.0471065347368894,63.125,1766
"421","Chad Henne",2010,0.424408989677515,-0.011979498236678,68.3,540,0.397093593478167,-0.0379998035116691,62.55,2376
"422","Tua Tagovailoa",2020,0.423993639510455,0.0183196898406495,65.4,326,0.855110358784854,0.109159557576936,75.625,1963
"423","Tarvaris Jackson",2011,0.421660942354874,-0.0191539599400527,68.8,512,0.485507050240401,-0.0114355268145748,64.6333333333333,1365
"424","Jon Kitna",2010,0.420754837838082,0.0709229893995891,60.2,355,0.40393951022637,-0.0461320629100409,63.6666666666667,1914
"425","Cam Newton",2016,0.417816992813342,-0.0186533516386688,68.5,557,0.764101213273699,0.0685868279293223,72.5222222222222,6416
"426","Marcus Mariota",2015,0.417691580400691,0.0498152489569356,62,424,0.696003342712848,0.063351846841552,68.8166666666667,2862
"427","Matt Hasselbeck",2015,0.416208471966864,0.0139809385746071,65.3,278,0.537649248560967,-0.00967712006406924,67.125,3805
"428","Brian Griese",2007,0.413707638639071,0.022790679489557,64.3,283,0.40897100329252,-0.0404410903131897,63.4,537
"429","Ryan Fitzpatrick",2010,0.41336266580769,-0.0048713905413075,66.9,494,0.614895029806461,0.0412568921018732,66.3923076923077,5932
"430","Charlie Whitehurst",2014,0.413269832290502,-0.0239205636298239,68.7,216,0.35392038583186,-0.128872037724996,68.7,493
"431","Kyler Murray",2019,0.408907606201608,0.0205040212757679,64.2,620,0.767053522704374,0.0591081828854831,73.6,2959
"432","Baker Mayfield",2021,0.407698243747814,0.0259888981593528,63.6,486,0.745654809438309,0.0558571752733447,72.5166666666667,3600
"433","Marcus Mariota",2019,0.407433734488701,0.0131479484085256,64.8,203,0.696003342712848,0.063351846841552,68.8166666666667,2862
"434","Alex Smith",2009,0.406703664835889,-0.0527530187227645,71,405,0.64627265924861,0.0391445408628827,68.2769230769231,6446
"435","Mark Sanchez",2014,0.406506650727762,0.0747283228847231,58.9,343,0.260523768697113,-0.0596824135685233,56.84,2901
"436","Nick Foles",2014,0.403782177910901,0.0116521141843693,64.7,330,0.570969611735699,0.00145335771313934,67.8,2677
"437","Chad Pennington",2006,0.403678231675607,0.0600956888560102,60.1,583,0.615601622003876,0.0648474530977845,64.2333333333333,1577
"438","Josh Freeman",2012,0.403184144422246,0.0407654869312687,61.9,603,0.40923783922029,-0.0110783424454977,60.68,2438
"439","Tyler Thigpen",2008,0.402508316715793,0.00865157935909597,64.9,486,0.470366001610408,-0.0225847175154228,64.9,634
"440","Andy Dalton",2019,0.402417958631792,-0.0082868803152093,66.5,575,0.697119575209362,0.0386297583160842,71.1833333333333,6646
"441","Vince Young",2007,0.402294950782048,-0.0220840918123391,67.8,494,0.542253202512581,0.0183585851063293,64.75,1712
"442","Kyle Orton",2011,0.402210186283521,0.0369198547383093,62.2,265,0.495179932904972,0.0169777353757453,62.48,2657
"443","Russell Wilson",2022,0.401048064119127,-0.00608195300857018,66.2,569,0.922127540654702,0.121056387871782,81.8416666666667,7996
"444","Tyler Huntley",2021,0.399881032996253,-0.029048489111228,68.3,231,0.351246701648574,-0.0563344634449755,61.8,546
"445","Andy Dalton",2014,0.398179865611191,-0.0112570971612055,66.5,561,0.697119575209362,0.0386297583160842,71.1833333333333,6646
"446","Brett Favre",2008,0.39815069005407,0.0319651834100928,62.4,559,0.704416355779647,0.0705248924712061,68.64,3003
"447","Jacoby Brissett",2019,0.396616946756055,0.0646386445125976,59.2,506,0.647463048266653,0.0199942243524859,70.125,2038
"448","Mike Vick",2013,0.395634504974575,0.0428541643131605,61.2,171,0.538197052673264,0.0311673890373471,63.35,2610
"449","Josh Allen",2018,0.394665883666883,-0.00106978838213799,65.3,396,0.946423853288916,0.156640114019134,82.4166666666667,4612
"450","Jason Campbell",2009,0.391017500001762,0.0237825190936612,62.7,577,0.544262117638681,0.0147829968911961,65.1857142857143,2988
"451","Donovan McNabb",2011,0.389911139994159,-0.05926483532872,70.5,180,0.703796023236246,0.0591070814468807,69.6666666666667,3038
"452","Philip Rivers",2012,0.386185700163995,0.00560271312378713,64.1,587,0.92724274767162,0.157424319585473,79.1866666666667,9774
"453","Brock Osweiler",2015,0.384511268558919,0.00547143459114165,64,310,0.235581383576057,-0.0455621867751869,53.925,1446
"454","Joe Flacco",2015,0.381322328525377,-0.00628381211130142,64.9,430,0.65164265532654,0.0363762722029323,68.8285714285714,8115
"455","Mike Vick",2006,0.378769012306455,-0.0249750356363535,66.5,502,0.538197052673264,0.0311673890373471,63.35,2610
"456","Steve McNair",2006,0.376563243961293,0.0462275162579061,59.6,527,0.28064893865122,-0.0207583614782876,54.45,780
"457","Gardner Minshew",2023,0.37606620654682,0.0205600967117148,62,546,0.625712133355019,0.0434299685814317,66.7666666666667,1738
"458","Luke McCown",2007,0.373303354055866,-0.045750400170083,68.1,164,NA,NA,NA,NA
"459","Kenny Pickett",2023,0.373078870093388,-0.0722785033756225,70.6,363,0.643064180224915,-0.0139965213283545,73.05,891
"460","Deshaun Watson",2023,0.372307493728507,-0.0380253424079051,67.3,204,0.857907969953974,0.124294410157809,74.4666666666667,2949
"461","Joe Flacco",2016,0.370523653675705,-0.0308656282203627,66.5,713,0.65164265532654,0.0363762722029323,68.8285714285714,8115
"462","Josh McCown",2015,0.369465942120755,0.0527518248202269,58.5,327,0.456939931479873,0.00209057834929207,61.9166666666667,2203
"463","Matt McGloin",2013,0.369304382590014,0.0389247639214843,59.8,220,NA,NA,NA,NA
"464","Colt McCoy",2014,0.368940347176424,0.0207335302502489,61.5,150,0.42114874237445,-0.0373918752401357,63.75,1534
"465","Andy Dalton",2012,0.368824041905741,-0.00255340363103867,63.7,628,0.697119575209362,0.0386297583160842,71.1833333333333,6646
"466","Trevor Siemian",2021,0.360941726809203,-0.0156161755619496,64.4,200,0.176205632861118,-0.0734661199048439,52.275,1445
"467","Joe Flacco",2023,0.360233034702621,-0.104723809417522,72.8,265,0.65164265532654,0.0363762722029323,68.8285714285714,8115
"468","Andy Dalton",2011,0.359497468901164,0.0065420093580393,62.2,610,0.697119575209362,0.0386297583160842,71.1833333333333,6646
"469","Daniel Jones",2019,0.358747802772783,-0.0288062601539586,65.5,527,0.609836241853873,-0.00853129125544295,70.76,2613
"470","Kirk Cousins",2014,0.358423138209828,0.0490063044073077,58.1,213,0.835772233738767,0.0918870515277808,75.5818181818182,6184
"471","Joe Flacco",2017,0.356619998736904,-0.0630457284350552,68.6,583,0.65164265532654,0.0363762722029323,68.8285714285714,8115
"472","Jay Cutler",2014,0.354941463232806,-0.021023035562146,64.5,619,0.58355064863247,0.0189304380850857,66.825,5853
"473","Carson Palmer",2017,0.353498083876193,-0.0305114210576723,65.3,290,0.758334163013797,0.0784400592694364,71.2272727272727,6249
"474","Matt Cassel",2013,0.350838502031894,-0.0197952039588031,64.1,281,0.375046265473229,-0.0333018074359025,60.9428571428571,3225
"475","Sam Darnold",2019,0.350731829515628,-0.0145996265415479,63.6,485,0.329738946344064,-0.057524092565746,60.72,2215
"476","Jeff Garcia",2006,0.349564806140293,0.0678686516095322,55.7,277,0.762355433134075,0.0740364721866426,71.9,1160
"477","Mike Glennon",2014,0.348922423374876,-0.0433450387262252,66.2,225,0.18782213058536,-0.114092217965972,56.95,1353
"478","Nick Mullens",2023,0.348863665513879,0.0979419362921412,52.8,165,0.53770650313489,0.0872836812135016,58.1,919
"479","Mac Jones",2022,0.347695958457252,-0.0579544691214761,67.5,496,0.503283543931034,-0.0224861439124433,66.5666666666667,1595
"480","Jon Kitna",2007,0.345699946266829,-0.0488719187629621,66.5,624,0.40393951022637,-0.0461320629100409,63.6666666666667,1914
"481","Shaun Hill",2009,0.343113464571622,-0.0549931065643428,66.9,179,0.623567794635523,0.0152580721254884,69.275,1420
"482","Joe Flacco",2008,0.340884655505182,-0.0387068318286997,65.2,553,0.65164265532654,0.0363762722029323,68.8285714285714,8115
"483","Donovan McNabb",2010,0.339934159055262,-0.0404637251640275,65.3,524,0.703796023236246,0.0591070814468807,69.6666666666667,3038
"484","Jake Delhomme",2006,0.339077930132296,0.012692851025581,60.2,456,0.364571848691521,-0.0450647360036354,61.475,1627
"485","Eli Manning",2013,0.33658496364763,-0.0788038718778705,68.7,596,0.700463146908007,0.0488281281679768,70.4285714285714,8724
"486","Mitchell Trubisky",2019,0.334522102699474,-0.0339294642003604,64.3,579,0.598443756671314,0.0266951269977085,66.88,2403
"487","Joe Flacco",2019,0.332420498536014,-0.0576432493978129,66.4,294,0.65164265532654,0.0363762722029323,68.8285714285714,8115
"488","Aidan O'Connell",2023,0.332110214157171,-0.0526011410867241,65.9,370,NA,NA,NA,NA
"489","Will Levis",2023,0.33165218518978,-0.0297394487097285,63.7,292,NA,NA,NA,NA
"490","Sage Rosenfels",2008,0.330365130661711,0.000940306059366492,60.7,189,0.664147705739461,0.0833059444401891,65.15,500
"491","Eli Manning",2016,0.329050201316155,-0.0390673003364922,64.4,670,0.700463146908007,0.0488281281679768,70.4285714285714,8724
"492","Kevin Kolb",2012,0.324366823779651,-0.0816077235308654,68.1,217,0.277650249995077,-0.0880383974704743,60.5333333333333,923
"493","Andy Dalton",2021,0.323053990371354,-0.0720501571734141,67.1,267,0.697119575209362,0.0386297583160842,71.1833333333333,6646
"494","Jalen Hurts",2020,0.322361703934432,0.042389867301364,56.2,185,0.870937920411379,0.109597704799428,77.05,2512
"495","Drew Lock",2020,0.32194770748031,-0.034915973418606,63.5,484,0.443465431166622,0.00666393586834632,60.8,940
"496","Eli Manning",2017,0.321339125602381,-0.0923297371812279,68.9,607,0.700463146908007,0.0488281281679768,70.4285714285714,8724
"497","Dan Orlovsky",2011,0.321089968146068,0.0319366397300555,57.1,209,0.325861890375592,-0.0225956103101798,57.25,548
"498","Mike Glennon",2013,0.320418033922868,-0.0424008056783328,64.1,468,0.18782213058536,-0.114092217965972,56.95,1353
"499","Sam Darnold",2018,0.319840092994001,-0.0491666087884925,64.7,460,0.329738946344064,-0.057524092565746,60.72,2215
"500","Daunte Culpepper",2007,0.318220118250285,0.00128540493816186,59.8,214,0.0910639656391794,-0.13965910001893,50.2333333333333,748
"501","Matthew Stafford",2022,0.316359129770587,-0.0760674581196465,67,338,0.82311958418657,0.085109677812881,75.2,9152
"502","Jimmy Garoppolo",2023,0.31348998058567,-0.0571609569735303,65,191,0.877852508238257,0.158602722551156,73.1666666666667,2414
"503","Drew Bledsoe",2006,0.311605035888905,0.00467930760475276,59,187,NA,NA,NA,NA
"504","Damon Huard",2007,0.310862599719011,-0.0908127503361733,68,371,0.49775376000223,-0.0527154977747972,69.1,760
"505","Alex Smith",2010,0.310217300122579,-0.0164239288004672,60.9,375,0.64627265924861,0.0391445408628827,68.2769230769231,6446
"506","Sam Bradford",2010,0.308407277814703,-0.0642215668603951,65.3,640,0.542576513861245,-0.0387442964479971,70.0833333333333,3411
"507","Mike White",2022,0.307091398732303,-0.0230468472915776,61.3,186,NA,NA,NA,NA
"508","Jay Cutler",2009,0.306808462101152,-0.0464684117216466,63.5,609,0.58355064863247,0.0189304380850857,66.825,5853
"509","Matt Leinart",2006,0.306783553784546,0.010466255240983,58.1,411,0.289380898300552,-0.0543538324003559,58.1,731
"510","Nick Mullens",2020,0.306221317195489,0.0226889283404296,56.9,348,0.53770650313489,0.0872836812135016,58.1,919
"511","Eli Manning",2006,0.305780696644288,-0.018784593126874,60.8,582,0.700463146908007,0.0488281281679768,70.4285714285714,8724
"512","Taylor Heinicke",2023,0.305403115629972,0.068463949031067,52.5,157,0.269221816022195,-0.0223169652135574,53.9,1241
"513","Christian Ponder",2012,0.303568616007868,0.0195829925464882,57,555,0.257401398758809,-0.0441710470300295,55.2,1310
"514","David Garrard",2006,0.299993869326035,-0.0707341587776879,65.3,288,0.756261570586602,0.0558084854720962,73.2,2563
"515","Chad Pennington",2007,0.299788657286263,0.00398977509537994,58.2,291,0.615601622003876,0.0648474530977845,64.2333333333333,1577
"516","Blake Bortles",2018,0.299439719410383,-0.0585095498072429,64.1,476,0.419521242128214,-0.00296425541256378,60.46,3348
"517","Nick Foles",2020,0.298888401313593,-0.0842523436568851,66.5,335,0.570969611735699,0.00145335771313934,67.8,2677
"518","Carson Wentz",2020,0.29723651069031,-0.0697222603366379,65,509,0.74714103754091,0.0575081586856344,72.4571428571429,4097
"519","Kevin Kolb",2011,0.296683097635412,-0.0121467356755081,59.5,291,0.277650249995077,-0.0880383974704743,60.5333333333333,923
"520","Jon Kitna",2006,0.295413938265375,-0.0637669325228826,64.3,677,0.40393951022637,-0.0461320629100409,63.6666666666667,1914
"521","Brian Hoyer",2014,0.293622293002277,-0.0092750709711591,59,472,0.467401298810133,-0.035754972886429,65.975,1814
"522","Joshua Dobbs",2023,0.293408621543365,-0.0822175667206621,65.9,485,0.35929194622486,-0.0956600250930444,65.9,665
"523","Matt Cassel",2011,0.291836522544579,-0.0644715000645708,64.1,309,0.375046265473229,-0.0333018074359025,60.9428571428571,3225
"524","Tarvaris Jackson",2007,0.291452054568586,-0.0130945025658758,59.2,345,0.485507050240401,-0.0114355268145748,64.6333333333333,1365
"525","Jason Campbell",2013,0.289859438303271,-0.0470489189102027,62.3,346,0.544262117638681,0.0147829968911961,65.1857142857143,2988
"526","Eli Manning",2019,0.2897411163013,-0.0524160669208959,62.8,153,0.700463146908007,0.0488281281679768,70.4285714285714,8724
"527","Blaine Gabbert",2015,0.287329688398812,-0.0849147681904513,65.7,330,0.0674074725005107,-0.165402563551158,49.36,1960
"528","Rex Grossman",2011,0.285620974896376,-0.016664153566127,59.1,487,0.171727732179584,-0.0993733677495249,54.3333333333333,1644
"529","Brian Hoyer",2015,0.285616970031216,-0.0419801780629452,61.5,435,0.467401298810133,-0.035754972886429,65.975,1814
"530","Easton Stick",2023,0.285598494947457,-0.0978940736915005,66.8,198,NA,NA,NA,NA
"531","Kyle Orton",2014,0.283121839921077,-0.00389397041687172,57.7,484,0.495179932904972,0.0169777353757453,62.48,2657
"532","Blake Bortles",2016,0.282256013405506,0.00385028493186732,56.9,698,0.419521242128214,-0.00296425541256378,60.46,3348
"533","Trevor Siemian",2016,0.281151580794768,0.00401906674183653,56.8,530,0.176205632861118,-0.0734661199048439,52.275,1445
"534","Taylor Heinicke",2021,0.281011771900636,-0.0235154364025907,59.4,575,0.269221816022195,-0.0223169652135574,53.9,1241
"535","Joey Harrington",2007,0.280149928042379,-0.128623535258435,69.3,388,0.294502525484288,-0.103192341237019,62.95,835
"536","Kellen Clemens",2013,0.278459890247536,-0.0593198293690846,62.6,272,0.191407049807042,-0.114968286066584,57.3,793
"537","Colin Kaepernick",2016,0.274442434668901,-0.0119464222663363,57.8,403,0.623501105895533,0.0796066730396092,63.28,2541
"538","Lamar Jackson",2018,0.273525883657909,0.00523824937920747,56.1,243,0.904444296982111,0.13194818392784,78.55,3530
"539","T.J. Yates",2011,0.273486106123507,0.00520587814499668,56.1,213,0.217276566180144,-0.0821812397920508,56.1,453
"540","Trent Edwards",2009,0.273359275131021,-0.0898204777520876,65.1,216,0.419136976286666,-0.0762828525767455,67.2666666666667,1102
"541","Mike Vick",2012,0.268285992876327,-0.0169763034766477,57.8,418,0.538197052673264,0.0311673890373471,63.35,2610
"542","Mitchell Trubisky",2017,0.266391368601795,-0.10924015991085,66.4,386,0.598443756671314,0.0266951269977085,66.88,2403
"543","Ryan Mallett",2015,0.265617395400278,-0.0339403595195177,59.2,253,NA,NA,NA,NA
"544","Mark Brunell",2006,0.264838379023976,0.00127567281020181,55.8,279,NA,NA,NA,NA
"545","Christian Ponder",2013,0.264372571393935,-0.00860206413024588,56.7,291,0.257401398758809,-0.0441710470300295,55.2,1310
"546","Robert Griffin",2016,0.263884260763539,-0.0184987921263772,57.6,183,0.562746445604085,0.0471065347368894,63.125,1766
"547","Ben Roethlisberger",2006,0.261529253698077,0.0122411613481203,54.5,531,0.886365529875877,0.120526478223328,77.5866666666667,9818
"548","Alex Smith",2020,0.261317149169917,-0.109226088515766,66,277,0.64627265924861,0.0391445408628827,68.2769230769231,6446
"549","Jacoby Brissett",2017,0.260702442273183,-0.0717690390407867,62.4,561,0.647463048266653,0.0199942243524859,70.125,2038
"550","Drew Stanton",2014,0.255938189271403,0.044475790876517,51,262,0.185131441669498,-0.0700960172771644,52.65,797
"551","Mike Glennon",2020,0.255815235676105,-0.129653446967715,67.5,192,0.18782213058536,-0.114092217965972,56.95,1353
"552","Geno Smith",2014,0.254859178441497,-0.0207702585875068,57.1,426,0.633645946129073,0.013282298898995,70,2638
"553","Matt Ryan",2022,0.254099591557368,-0.0920765515807324,63.8,509,0.90969677727642,0.122401377083703,80.08,10221
"554","Ryan Fitzpatrick",2012,0.251753912210981,0.00929740257209533,54,566,0.614895029806461,0.0412568921018732,66.3923076923077,5932
"555","Jared Goff",2021,0.251555672924349,-0.0573171386125873,60.3,541,0.742783577243079,0.0744966099413695,70.6,5055
"556","Jeff Driskel",2018,0.251309011690714,0.0226305922158829,52.7,203,0.218430147924504,-0.0448109552685358,52.7,547
"557","Matt Hasselbeck",2008,0.248433316071107,-0.10638498060213,64.7,239,0.537649248560967,-0.00967712006406924,67.125,3805
"558","Brian Hoyer",2017,0.245717125746716,-0.0971126256617936,63.6,229,0.467401298810133,-0.035754972886429,65.975,1814
"559","Byron Leftwich",2006,0.245644497200238,0.0135685455541268,53.1,201,0.224647464320332,-0.0445484965416017,53.1,521
"560","Tyrod Taylor",2021,0.244947237648134,-0.0513685158890043,59.2,178,0.715298460820839,0.0394327310163438,72.18,2438
"561","Case Keenum",2019,0.244643701432054,-0.00733266207571529,55,266,0.501568103397849,-0.0091748268480548,65.24,2716
"562","Cooper Rush",2022,0.244045992880486,-0.0236688325627538,56.5,172,NA,NA,NA,NA
"563","Carson Wentz",2022,0.242773432474782,-0.0680117163104983,60.6,314,0.74714103754091,0.0575081586856344,72.4571428571429,4097
"564","Brett Favre",2006,0.242616492274573,-0.0164672389973179,55.7,638,0.704416355779647,0.0705248924712061,68.64,3003
"565","C.J. Beathard",2018,0.240927362871787,-0.114965366522348,64.9,198,0.308210642412581,-0.0865608635736048,62.2,700
"566","Trevor Lawrence",2021,0.239424917196416,-0.0603745174945312,59.6,668,0.709287107753243,0.0307218990305446,72.6333333333333,2229
"567","Geno Smith",2013,0.238271074617743,-0.072984040469118,60.7,517,0.633645946129073,0.013282298898995,70,2638
"568","Matt Hasselbeck",2012,0.237238248190826,-0.117131174721307,64.8,241,0.537649248560967,-0.00967712006406924,67.125,3805
"569","Kyle Orton",2008,0.23517466705511,-0.0693736562204582,60.1,501,0.495179932904972,0.0169777353757453,62.48,2657
"570","Brett Hundley",2017,0.230510251295373,-0.123076366927226,64.8,368,0.285878448807505,-0.128551232995813,64.8,427
"571","Colt McCoy",2011,0.22861749001104,-0.0361713511034846,56.4,535,0.42114874237445,-0.0373918752401357,63.75,1534
"572","Drew Stanton",2017,0.226165036419944,-0.0162239625780242,54.3,167,0.185131441669498,-0.0700960172771644,52.65,797
"573","Kyle Boller",2007,0.225379092988043,-0.0749408551484532,59.8,311,0.113685644225053,-0.16799044193376,55.45,671
"574","Brian Griese",2008,0.225287688686032,-0.103500259523619,62.5,194,0.40897100329252,-0.0404410903131897,63.4,537
"575","Peyton Manning",2015,0.220010909221808,-0.0893091251224272,60.7,449,0.980790148603706,0.213948006350295,86.4,6258
"576","Justin Fields",2021,0.219701745773865,-0.126506548598552,64.2,353,0.526156657096744,-0.04327397450897,69.6666666666667,1498
"577","Davis Mills",2022,0.217115258971857,-0.104623996954603,61.9,529,0.253112631609488,-0.100781047367392,60.2,1083
"578","Austin Davis",2014,0.216041084924914,-0.0876854560357557,60.2,319,0.194318375877689,-0.143797568918542,60.2,457
"579","Brandon Weeden",2013,0.211796601444818,-0.117998595777826,62.7,301,0.356486453872577,-0.0357212333762888,60.1666666666667,1124
"580","Marc Bulger",2007,0.210297493836054,-0.112020255107575,62,417,0.332879061084705,-0.0661625383800255,61.7,1902
"581","Chad Henne",2013,0.2096422852232,-0.0778308436330756,58.7,551,0.397093593478167,-0.0379998035116691,62.55,2376
"582","Dan Orlovsky",2008,0.208317718110164,-0.0653679587556277,57.4,272,0.325861890375592,-0.0225956103101798,57.25,548
"583","Case Keenum",2016,0.208273501339851,-0.0812302286354476,58.9,354,0.501568103397849,-0.0091748268480548,65.24,2716
"584","Trent Green",2007,0.207946764454272,-0.00876449808320749,52,150,0.096274831538114,-0.107270827439551,47.85,512
"585","Jay Cutler",2017,0.207259136674103,-0.0769159180807343,58.4,456,0.58355064863247,0.0189304380850857,66.825,5853
"586","Gus Frerotte",2008,0.206521596283854,-0.0670680760154353,57.4,334,0.176834247329152,-0.127980518931181,57.4,551
"587","Sam Howell",2023,0.206326234610454,-0.0978398621793643,60.3,712,0.265136446027713,-0.0937608517419294,60.3,790
"588","Josh Freeman",2011,0.204700119548549,-0.0835669814601861,58.8,609,0.40923783922029,-0.0110783424454977,60.68,2438
"589","Matt Hasselbeck",2009,0.198984653299353,-0.110159631444629,60.8,538,0.537649248560967,-0.00967712006406924,67.125,3805
"590","Ryan Fitzpatrick",2016,0.198950147827289,-0.0152699893325672,51.8,441,0.614895029806461,0.0412568921018732,66.3923076923077,5932
"591","Mason Rudolph",2019,0.197210013686632,-0.0348930119053057,53.5,308,0.280960091595802,-0.0103540860757662,53.5,578
"592","Dwayne Haskins",2019,0.196050531636767,-0.187903173788707,67.9,245,0.151346190151301,-0.158523993610974,58.15,545
"593","Ben Roethlisberger",2021,0.193816014454163,-0.0329479932746303,53,692,0.886365529875877,0.120526478223328,77.5866666666667,9818
"594","Brandon Allen",2020,0.192860621612618,-0.0708058815989557,56.5,155,NA,NA,NA,NA
"595","Vince Young",2006,0.191889675598943,-0.0169230359041182,51.3,430,0.542253202512581,0.0183585851063293,64.75,1712
"596","Cleo Lemon",2007,0.191424729399187,-0.0184392750047798,51.4,348,0.231422460493316,-0.021403666596936,51.4,452
"597","Johnny Manziel",2015,0.190376346896839,-0.0395218259968139,53.3,269,NA,NA,NA,NA
"598","Case Keenum",2013,0.189732280176213,-0.120321779212,60.9,277,0.501568103397849,-0.0091748268480548,65.24,2716
"599","Bruce Gradkowski",2010,0.189197508502718,-0.08183244210054,57.2,172,0.132574775786372,-0.179793473606825,58.4333333333333,864
"600","Davis Mills",2021,0.188150843253979,-0.0965926167296897,58.5,435,0.253112631609488,-0.100781047367392,60.2,1083
"601","Joey Harrington",2006,0.185714799990711,-0.0790089394456262,56.6,408,0.294502525484288,-0.103192341237019,62.95,835
"602","Nick Foles",2012,0.183136471803184,-0.0805751859399687,56.5,292,0.570969611735699,0.00145335771313934,67.8,2677
"603","David Carr",2006,0.181988220363158,-0.0838592225340913,56.7,509,0.195045089420926,-0.0830779685901771,54.6,796
"604","Shaun Hill",2014,0.181648180137744,-0.119013109694414,60,250,0.623567794635523,0.0152580721254884,69.275,1420
"605","Ryan Fitzpatrick",2009,0.18138371347253,-0.134050445674007,61.4,266,0.614895029806461,0.0412568921018732,66.3923076923077,5932
"606","Tyler Huntley",2022,0.180442236443683,-0.0706822533446936,55.3,168,0.351246701648574,-0.0563344634449755,61.8,546
"607","Jason Campbell",2006,0.179345516802058,0.0220538574695652,46.4,228,0.544262117638681,0.0147829968911961,65.1857142857143,2988
"608","Matt Schaub",2013,0.177988519315143,-0.108026792006704,58.6,383,0.835787300453251,0.0909378967451743,75.6714285714286,3706
"609","Andrew Luck",2015,0.17537852445293,-0.00844623497646551,48.9,333,0.848751499509516,0.102357603350751,75.7,4305
"610","Derek Anderson",2008,0.175215476903592,-0.0824464430079388,55.9,307,0.175248955241909,-0.0979010999628061,54.475,1891
"611","Kerry Collins",2009,0.174907365360753,-0.132341033531639,60.6,224,0.465445018804251,-0.0259979486081873,64.9666666666667,1343
"612","Brock Osweiler",2018,0.172038203634435,-0.0520508052739994,52.7,200,0.235581383576057,-0.0455621867751869,53.925,1446
"613","Mark Sanchez",2009,0.169797462148801,-0.0744799145175174,54.6,475,0.260523768697113,-0.0596824135685233,56.84,2901
"614","Jake Plummer",2006,0.166777833748869,-0.0503103817934501,52,345,NA,NA,NA,NA
"615","Blaine Gabbert",2012,0.165443574835523,-0.118205909042758,58.3,309,0.0674074725005107,-0.165402563551158,49.36,1960
"616","Brett Favre",2010,0.164447595124914,-0.131949144840924,59.5,383,0.704416355779647,0.0705248924712061,68.64,3003
"617","Deshaun Watson",2022,0.16411968074455,-0.0880104419631159,55.3,204,0.857907969953974,0.124294410157809,74.4666666666667,2949
"618","Brock Osweiler",2016,0.162106261417119,-0.0522542441297569,51.7,625,0.235581383576057,-0.0455621867751869,53.925,1446
"619","Matt Cassel",2009,0.161038286323129,-0.138866189283061,59.8,566,0.375046265473229,-0.0333018074359025,60.9428571428571,3225
"620","Tom Savage",2017,0.160589428587579,-0.126707714686051,58.6,246,NA,NA,NA,NA
"621","Taylor Heinicke",2022,0.159488062379607,-0.0351196636168195,49.8,292,0.269221816022195,-0.0223169652135574,53.9,1241
"622","Kevin Kolb",2010,0.154495486869378,-0.0850439610363,54,211,0.277650249995077,-0.0880383974704743,60.5333333333333,923
"623","Kyle Allen",2019,0.154106566598113,-0.0401351334394466,49.7,555,0.180265226988336,-0.0424173502315025,49.7,848
"624","Trent Edwards",2007,0.15404405125221,-0.142512498010779,59.4,288,0.419136976286666,-0.0762828525767455,67.2666666666667,1102
"625","Brandon Weeden",2012,0.153318970768816,-0.0452539955266808,50.1,559,0.356486453872577,-0.0357212333762888,60.1666666666667,1124
"626","Mark Sanchez",2011,0.153282176610625,-0.0790465625291608,53.3,600,0.260523768697113,-0.0596824135685233,56.84,2901
"627","Tyson Bagent",2023,0.15263490445432,-0.126195533514197,57.7,159,NA,NA,NA,NA
"628","Zach Wilson",2021,0.14981165786229,-0.14633234099321,59.3,444,0.110481939747017,-0.163241400923417,54.6666666666667,1240
"629","Sam Darnold",2020,0.148296399646259,-0.138607464618642,58.4,425,0.329738946344064,-0.057524092565746,60.72,2215
"630","Matt Cassel",2012,0.148132826249989,-0.122978460744956,56.9,312,0.375046265473229,-0.0333018074359025,60.9428571428571,3225
"631","Josh McCown",2014,0.146630372166833,-0.101540811862508,54.7,382,0.456939931479873,0.00209057834929207,61.9166666666667,2203
"632","Desmond Ridder",2023,0.146576158899374,-0.0720731144046933,51.9,439,0.165392191360435,-0.0787261890998158,51.9,631
"633","Kurt Warner",2006,0.146309681649779,0.0278089922416256,42.4,184,0.731006775180822,0.0862313014413596,68.775,2129
"634","Marc Bulger",2009,0.145897151296098,-0.138266796362012,58.1,267,0.332879061084705,-0.0661625383800255,61.7,1902
"635","EJ Manuel",2013,0.145478542354105,-0.0849728314407625,53,358,0.157822549195967,-0.0972777069103726,53,749
"636","Josh McCown",2016,0.14428410587394,-0.114869772286182,55.7,188,0.456939931479873,0.00209057834929207,61.9166666666667,2203
"637","Trevor Siemian",2017,0.141639704441864,-0.0895650836122625,53,406,0.176205632861118,-0.0734661199048439,52.275,1445
"638","J.T. O'Sullivan",2008,0.136612068075165,-0.151608069213198,58.3,273,NA,NA,NA,NA
"639","C.J. Beathard",2017,0.135515343995586,-0.165625113695433,59.5,257,0.308210642412581,-0.0865608635736048,62.2,700
"640","JaMarcus Russell",2008,0.135386561573712,-0.0993391919662522,53.2,410,0.0332755198710776,-0.22528746053418,48.05,818
"641","Tommy DeVito",2023,0.133223344724908,-0.194860739418988,62,237,NA,NA,NA,NA
"642","Brad Johnson",2006,0.133201710919818,-0.162192228958717,58.9,486,0.117461105620873,-0.200819096011098,58.9,616
"643","Colt McCoy",2022,0.132410824485305,-0.196940329294291,62.1,154,0.42114874237445,-0.0373918752401357,63.75,1534
"644","Colin Kaepernick",2015,0.130954340180542,-0.0405831924706242,47.1,295,0.623501105895533,0.0796066730396092,63.28,2541
"645","Sam Darnold",2021,0.123023273601254,-0.131062420821012,54.7,463,0.329738946344064,-0.057524092565746,60.72,2215
"646","Chris Redman",2007,0.12126630466652,-0.0595824780280303,47.7,164,NA,NA,NA,NA
"647","Alex Smith",2006,0.120612311014261,-0.0794476332113411,49.5,502,0.64627265924861,0.0391445408628827,68.2769230769231,6446
"648","Jay Cutler",2006,0.119818658169114,-0.0984506497786111,51.2,153,0.58355064863247,0.0189304380850857,66.825,5853
"649","Joe Flacco",2022,0.116806460840481,-0.124718417291129,53.3,202,0.65164265532654,0.0363762722029323,68.8285714285714,8115
"650","Ryan Fitzpatrick",2008,0.115999037350121,-0.132163499990206,53.9,448,0.614895029806461,0.0412568921018732,66.3923076923077,5932
"651","Brady Quinn",2009,0.115788498475491,-0.13772914275859,54.4,280,0.0735892202086411,-0.190752755682881,52.65,649
"652","Jake Locker",2014,0.11519764098103,-0.0699954251144473,47.9,177,0.487514955203173,0.00720423744885563,63,888
"653","Matt Flynn",2013,0.114728490984762,-0.126549314556483,53.2,236,0.200615252755632,-0.0636766121717007,53.2,447
"654","Kellen Clemens",2007,0.113840734268181,-0.115137027999771,52,290,0.191407049807042,-0.114968286066584,57.3,793
"655","Chad Henne",2012,0.113784653844064,-0.126817567807502,53.1,348,0.397093593478167,-0.0379998035116691,62.55,2376
"656","Daniel Jones",2023,0.112349286223878,-0.233260004196408,63,209,0.609836241853873,-0.00853129125544295,70.76,2613
"657","Zach Mettenberger",2014,0.11056955123234,-0.16935299167608,56.7,198,NA,NA,NA,NA
"658","Seneca Wallace",2006,0.107332622316269,-0.105491760502609,50.2,164,0.364162215161408,-0.0418118704637388,61.15,890
"659","Jake Delhomme",2009,0.106758015481926,-0.163289574228766,55.6,351,0.364571848691521,-0.0450647360036354,61.475,1627
"660","Derek Carr",2014,0.105331952769123,-0.109499156948398,50.3,635,0.762543386571187,0.0519369860631264,73.97,6376
"661","Cody Kessler",2018,0.10355315792244,-0.169112537299062,55.7,169,0.37860807115307,-0.0458335074423299,62.3,449
"662","Christian Ponder",2011,0.101620069684632,-0.131961943112064,51.9,342,0.257401398758809,-0.0441710470300295,55.2,1310
"663","Brock Osweiler",2017,0.101310739693507,-0.083917975540932,47.3,192,0.235581383576057,-0.0455621867751869,53.925,1446
"664","Josh McCown",2007,0.0989772563112031,-0.0980621665518926,48.3,220,0.456939931479873,0.00209057834929207,61.9166666666667,2203
"665","Bryce Young",2023,0.0957109657869051,-0.184415078430785,56,622,0.104664238015196,-0.184415078430785,56,664
"666","Rex Grossman",2007,0.0936917580277289,-0.204533238592529,57.6,255,0.171727732179584,-0.0993733677495249,54.3333333333333,1644
"667","Marc Bulger",2008,0.0935845213636123,-0.188886380634031,56.1,485,0.332879061084705,-0.0661625383800255,61.7,1902
"668","Matt Cassel",2015,0.0935237935166873,-0.137304422872703,51.2,230,0.375046265473229,-0.0333018074359025,60.9428571428571,3225
"669","David Blough",2019,0.0932579686238072,-0.201017833474553,57.2,194,NA,NA,NA,NA
"670","Blaine Gabbert",2016,0.0918935049390901,-0.0872290829420339,46.2,189,0.0674074725005107,-0.165402563551158,49.36,1960
"671","Zach Wilson",2022,0.0914704542029868,-0.0910890730478519,46.5,279,0.110481939747017,-0.163241400923417,54.6666666666667,1240
"672","DeShone Kizer",2017,0.0908248979569082,-0.155437658798071,52.5,563,0.0855915534766358,-0.171453070209293,52.5,678
"673","Brodie Croyle",2007,0.0897941659283414,-0.13816759587767,50.7,246,NA,NA,NA,NA
"674","Baker Mayfield",2022,0.0874270057676997,-0.141106678998391,50.6,389,0.745654809438309,0.0558571752733447,72.5166666666667,3600
"675","Rex Grossman",2006,0.0867287064824342,-0.0969480514751379,46.3,598,0.171727732179584,-0.0993733677495249,54.3333333333333,1644
"676","Zach Wilson",2023,0.0845403280389861,-0.226245063959555,58.2,439,0.110481939747017,-0.163241400923417,54.6666666666667,1240
"677","Trent Green",2006,0.0843055894359301,-0.0737239852490026,43.7,261,0.096274831538114,-0.107270827439551,47.85,512
"678","Robert Griffin",2014,0.0839784220252375,-0.115431077771764,47.6,265,0.562746445604085,0.0471065347368894,63.125,1766
"679","Sam Bradford",2011,0.0836693666416331,-0.242538763634189,59.6,398,0.542576513861245,-0.0387442964479971,70.0833333333333,3411
"680","John Beck",2011,0.0833922562257049,-0.173417096432265,53,156,NA,NA,NA,NA
"681","J.P. Losman",2006,0.0828115805109064,-0.0415525900603141,40.4,494,0.0599851987507665,-0.117585449603225,43.7,882
"682","Devlin Hodges",2019,0.0825707924818559,-0.0989342799312793,45.8,183,NA,NA,NA,NA
"683","Josh Freeman",2009,0.081081980456442,-0.165937359636444,51.9,331,0.40923783922029,-0.0110783424454977,60.68,2438
"684","Mac Jones",2023,0.0803812102311056,-0.170369263489484,52.2,379,0.503283543931034,-0.0224861439124433,66.5666666666667,1595
"685","Dwayne Haskins",2020,0.0799229139064047,-0.131124261743088,48.4,269,0.151346190151301,-0.158523993610974,58.15,545
"686","Charlie Frye",2006,0.0788166630856207,-0.144753274483877,49.5,473,0.0681083848181735,-0.165739481557852,49.5,652
"687","Josh Freeman",2013,0.0777101404636387,-0.178443794498424,52.5,157,0.40923783922029,-0.0110783424454977,60.68,2438
"688","David Carr",2007,0.0765334665353889,-0.180647657248226,52.5,160,0.195045089420926,-0.0830779685901771,54.6,796
"689","Nick Foles",2015,0.0742425844692309,-0.251459649483759,58.8,356,0.570969611735699,0.00145335771313934,67.8,2677
"690","Daunte Culpepper",2006,0.071031404032071,-0.115371306032886,45.3,161,0.0910639656391794,-0.13965910001893,50.2333333333333,748
"691","J.P. Losman",2007,0.0671647438761708,-0.141179953495495,47,200,0.0599851987507665,-0.117585449603225,43.7,882
"692","Derek Anderson",2010,0.0666208234866846,-0.154972559906289,48.2,355,0.175248955241909,-0.0979010999628061,54.475,1891
"693","Josh Johnson",2009,0.0665377968848201,-0.177295353221527,50.3,154,0.16518786717629,-0.0617212298492123,50.3,503
"694","Blake Bortles",2014,0.0664605177404079,-0.139488269423812,46.7,550,0.419521242128214,-0.00296425541256378,60.46,3348
"695","Gus Frerotte",2007,0.0657841932310388,-0.253766814385047,57.4,179,0.176834247329152,-0.127980518931181,57.4,551
"696","Vinny Testaverde",2007,0.0630842471519815,-0.148829796982525,46.9,184,NA,NA,NA,NA
"697","Aaron Brooks",2006,0.0627972636021379,-0.261256640760405,57.5,233,NA,NA,NA,NA
"698","Skylar Thompson",2022,0.0619891291539045,-0.240889845503163,55.4,167,NA,NA,NA,NA
"699","Daunte Culpepper",2009,0.0594326781869026,-0.143288264473015,45.6,182,0.0910639656391794,-0.13965910001893,50.2333333333333,748
"700","Jay Cutler",2016,0.0592840812991968,-0.187926401802243,49.8,157,0.58355064863247,0.0189304380850857,66.825,5853
"701","Mark Sanchez",2012,0.0589724453548021,-0.148564399041666,46,496,0.260523768697113,-0.0596824135685233,56.84,2901
"702","Steve McNair",2007,0.0587234759037519,-0.183944222218883,49.3,220,0.28064893865122,-0.0207583614782876,54.45,780
"703","Jimmy Clausen",2010,0.0569832269884237,-0.306142027528798,60.5,344,0.0691156652152267,-0.282220020117833,60.5,567
"704","Matthew Stafford",2009,0.0510046121334489,-0.159552870752178,45.2,416,0.82311958418657,0.085109677812881,75.2,9152
"705","Matt Moore",2010,0.0497587514411106,-0.209211483590814,49.6,161,0.404278982219374,-0.0135417604631143,60.65,1287
"706","Ryan Tannehill",2018,0.0445126944651373,-0.178311112688057,45.3,318,0.783406927889891,0.0609460210745721,74.5363636363636,5927
"707","Jake Delhomme",2010,0.0413745474302429,-0.272001055388186,53.3,156,0.364571848691521,-0.0450647360036354,61.475,1627
"708","Kirk Cousins",2013,0.0399017887049661,-0.256531379903108,51.4,162,0.835772233738767,0.0918870515277808,75.5818181818182,6184
"709","Bryce Petty",2016,0.0385319070035088,-0.227156139711343,48.2,150,NA,NA,NA,NA
"710","Blaine Gabbert",2017,0.0378528919353916,-0.19984032368443,45.4,207,0.0674074725005107,-0.165402563551158,49.36,1960
"711","Curtis Painter",2011,0.0328533590465402,-0.175053364127836,41.4,268,NA,NA,NA,NA
"712","Bruce Gradkowski",2006,0.0323198011132954,-0.24453751528061,47.8,385,0.132574775786372,-0.179793473606825,58.4333333333333,864
"713","Alex Smith",2007,0.0322984398870478,-0.288914934854187,52,219,0.64627265924861,0.0391445408628827,68.2769230769231,6446
"714","Brady Quinn",2012,0.0272769858529861,-0.297454803627517,50.9,230,0.0735892202086411,-0.190752755682881,52.65,649
"715","Trent Dilfer",2007,0.0261769016917261,-0.372940662456456,57.6,250,NA,NA,NA,NA
"716","John Skelton",2011,0.0251512921408569,-0.147665345293598,35.8,315,0.00742678805517983,-0.22100369975643,35.45,701
"717","Josh Rosen",2018,0.0250526756628837,-0.288396028730286,49.1,453,0.0134699682110634,-0.318884118083859,49.1,628
"718","Bailey Zappe",2023,0.021929385974828,-0.336358844817215,52.2,247,NA,NA,NA,NA
"719","Kyle Boller",2009,0.0155029867235343,-0.363093158964022,51.1,201,0.113685644225053,-0.16799044193376,55.45,671
"720","Andrew Walter",2006,0.0152414864621889,-0.334337899002948,48.2,327,0.00865720092143101,-0.345741709238725,48.2,421
"721","Derek Anderson",2009,0.0123364412441793,-0.369398515574736,49.4,194,0.175248955241909,-0.0979010999628061,54.475,1891
"722","Blaine Gabbert",2011,0.00952232500120638,-0.204028675130535,31.2,475,0.0674074725005107,-0.165402563551158,49.36,1960
"723","Jared Goff",2016,0.00739084328510699,-0.352622177997318,42.9,234,0.742783577243079,0.0744966099413695,70.6,5055
"724","Mike Vick",2014,0.0065903135409589,-0.283613557217026,35.3,153,0.538197052673264,0.0311673890373471,63.35,2610
"725","John Skelton",2012,0.00572129791012703,-0.295053681438136,35.1,218,0.00742678805517983,-0.22100369975643,35.45,701
"726","JaMarcus Russell",2009,0.00549795228255803,-0.381096988606669,42.9,286,0.0332755198710776,-0.22528746053418,48.05,818
"727","Zach Mettenberger",2015,0.0053769642715931,-0.33573852598242,38.4,181,NA,NA,NA,NA
"728","Trevor Siemian",2023,0.0052507989059603,-0.301062369872327,34.9,167,0.176205632861118,-0.0734661199048439,52.275,1445
"729","Ryan Lindley",2012,0.00133787925897124,-0.44552522443932,37.2,184,NA,NA,NA,NA
"730","Mike Glennon",2021,0.000850506763773815,-0.406223410216326,30,181,0.18782213058536,-0.114092217965972,56.95,1353
"731","Cam Newton",2021,NA,-0.175323437388291,NA,NA,0.764101213273699,0.0685868279293223,72.5222222222222,6416
"732","Joe Flacco",2020,NA,0.0100800768726127,NA,NA,0.65164265532654,0.0363762722029323,68.8285714285714,8115
"733","Mike Glennon",2017,NA,-0.213014575561721,NA,NA,0.18782213058536,-0.114092217965972,56.95,1353
"734","AJ McCarron",2015,NA,0.0129344360063214,NA,NA,NA,NA,NA,NA
"735","EJ Manuel",2014,NA,-0.0986485162059298,NA,NA,0.157822549195967,-0.0972777069103726,53,749
"736","Thad Lewis",2013,NA,-0.0335685916304473,NA,NA,NA,NA,NA,NA
"737","Tyler Palko",2011,NA,-0.212467983591201,NA,NA,NA,NA,NA,NA
"738","Rex Grossman",2010,NA,-0.102401759856528,NA,NA,0.171727732179584,-0.0993733677495249,54.3333333333333,1644
"739","Matt Moore",2009,NA,0.104451883269187,NA,NA,0.404278982219374,-0.0135417604631143,60.65,1287
"740","Carson Palmer",2008,NA,-0.082230351233488,NA,NA,0.758334163013797,0.0784400592694364,71.2272727272727,6249
"741","Jon Kitna",2008,NA,-0.247916968693678,NA,NA,0.40393951022637,-0.0461320629100409,63.6666666666667,1914
